,0
1179933,Michelle
0147800,Kat Stratford
0118528,Jack Lemmon 
0114746,James Cole
2024544,Solomon Northup
1542344,Aron Ralston
2991516,Jack 
0450385,Mike Enslin
0103594,Christopher Columbus 
0179626,Eddie Flemming 
0450232,Jack Mosley 
0974661,Mike O'Donnell
8579674,Will Schofield
1190080,Jackson Curtis
4385888,Jamie Fields
0315733,Paul Rivers 
1232829,Morton Schmidt
7280898,Viljar Hanssen 
0307901,Montgomery Brogan
0191754,Gwen Cummings
0289043,Jim
0463854,"The protagonist of ""28 Weeks Later"" is Don Harris, portrayed by Robert Carlyle. ([en.wikipedia.org](https://en.wikipedia.org/wiki/28_Weeks_Later?utm_source=openai)) "
0381849,Dan Evans
0040064,Robert Marmaduke Hightower 
1187043,Rancho
0389722,Eben Oleson 
1622547,Nick Davis 
0496424,Liz Lemon
0416449,King Leonidas
0453562,Jackie Robinson
1335975,Kai
0083511,Jack Cates
1022603,Tom Hansen
0134273,Tom Welles
0080319,Violet Newstead
2891174,Dennis Nash 
0268978,John Nash
0112594,Walter Paisley 
0044008,Ebenezer Scrooge
0085334,Ralphie Parker
0066921,Alex DeLarge
1571222,Carl Jung
5918074,Shutu 
0097243,Ben du Toit
5639354,Marina 
0104257,Lieutenant Daniel Kaffee
0095159,Archie Leach
0401445,Max Skinner
0113198,Max Goof 
0058182,"John, Paul, George, Ringo"
0399146,Tom Stall
0829459,Mariane Pearl
3416532,Conor O'Malley
0120770,Steve Butabi
0087800,Nancy Thompson
0093629,Nancy Thompson
12734734,Kristen Parker 
0095742,Alice Johnson
0097981,Alice Johnson 
0971209,Cliff Anderson
0107808,Butch Haynes
4080956,Billy Moore 
6644200,Evelyn Abbott 
0405296,Bob Arctor
1832382,Nader
7040874,Stephanie Smothers 
0120324,Hank Mitchell 
1315981,George Falconer
0075265,Esther Hoffman 
1603257,David Hargrove 
1496729,Pasupathy 
2667918,Alex 
0257360,Warren Schmidt
2194499,Tim Lake
0094602,"Nicolo ""Nico"" Toscani "
0118548,Luther Whitney
0109040,Ace Ventura
2935510,Roy McBride
0118564,Wade Whitehouse
1815862,Kitai Raige
0838247,Anna Taylor 
0371514,Elizabeth Richardson 
7985692,Isabel Andersen 
0088683,Sister Agnes Devereaux 
0118571,President James Marshall
0080339,Ted Striker
0083530,Ted Striker 
0375173,Alfie Elkins 
0248667,Muhammad Ali
1014759,Alice Kingsleigh
0078748,Ellen Ripley 
2316204,Daniels 
0094631,Matthew Sykes 
0118583,Ellen Ripley
0090605,Ellen Ripley
0042192,Eve Harrington
0881891,Mary Horowitz 
0847214,Kengo 
9206798,William Shakespeare 
0078754,Joe Gideon
0041113,Willie Stark
5294550,Gail Getty
0181875,William Miller
0369226,Edward Carnby
0080360,Edward Jessup 
0086879,Antonio Salieri
1129445,Hilary Swank 
6212478,Spencer Reinhard
0169547,Lester Burnham
1169133,Brandon O'Leary 
0765429,Frank Lucas 
0120586,Derek Vinyard
1844624,Violet Harmon
1800241,Irving Rosenfeld
2254364,Jolie Jolson 
0244000,Jesse James 
0144084,Patrick Bateman
0101327,Drew Carson 
0305206,Harvey Pekar 
3316948,Mike Howell
1602620,Georges
0040072,Judge Calvin Cooke 
2663812,William Hartnell 
0050105,Nickie Ferrante
0082010,David Kessler 
0118604,Andy McDermott 
1174732,Jenny Mellor
0084434,Zack Mayo
0118615,Steve Cale
0289848,Paul Vitti
0122933,Dr. Ben Sobel 
0118617,Anastasia (Anya)
0052561,Paul Biegler
1003594,Burt Farlander 
0225071,Sharon Pogue
0029870,Rocky Sullivan
3612008,Roland Baumgarner 
1313092,"Joshua ""J"" Cody"
1781769,Anna Karenina
3322940,Mia Gordon
0075686,Alvy Singer
2798920,Lena 
2401878,Michael Stone
1521197,Edward de Vere 
0218817,Milo Hoffman 
0120587,Z
0146838,Willie Beamen 
0043291,Sam Leeds 
0078788,Benjamin Willard
0090655,Kit Graham 
0118636,Todd Bowden
1764183,Robert Miller
0106303,Eric Desmond 
0422774,Nick Persons 
1024648,Tony Mendez
0120591,Harry Stamper 
4451006,Armstrong 
0106308,Ash Williams
2543164,Louise Banks
1334512,Arthur Bach 
2870612,Scarlett Marlowe
0119822,Melvin Udall
6205872,Lily Colson 
0112401,Robert Rath 
0132512,Virgil
2406566,Lorraine Broughton
0783233,Briony Tallis
0118655,Austin Powers
0145660,Austin Powers
2114461,Hannah Rinaldi 
0174480,Will Keane
0499549,Jake Sully 
4154796,Tony Stark 
0211933,Clay Beresford
0099077,Dr. Malcolm Sayer 
0449467,Richard Jones
3890160,Baby
0088763,Marty McFly
0096874,Marty McFly
0101393,Brian McCaffrey
1502397,Mike Lowrey 
2350892,Bud Case
0047849,John J. Macreedy
0094701,Cynthia Weston 
0103759,Harvey Keitel 
0115610,Ted
0307987,Willie T. Stokes
1284575,Elizabeth Halsey
6628394,Miles Miller
2170299,Guy Trilby 
0069762,Kit Carruthers
0787470,Gary Houseman 
0215545,Pierre Delacroix 
0303714,Calvin Palmer Jr. 
6967980,Bitti Mishra 
0302297,Deacon 
1423894,Barney Panofsky
5477566,Devon Terrell 
0072684,Redmond Barry
0101410,Barton Fink
0103772,Nick Curran
0115632,Jean-Michel Basquiat 
0096895,Bruce Wayne
0372784,Bruce Wayne
0112462,Batman / Bruce Wayne
0106364,Batman
0103776,Batman
0118688,Batman
1672723,Bruce Wayne 
2975590,Batman and Superman
1217613,Michael Nantz
0069768,Caesar 
4622512,Billie Jean King
0185183,Jonnie Goodboy Tyler 
0407362,William Adama 
0094715,"Cecilia Carol ""C.C."" Bloom "
0118689,Mr. Bean
1365050,Agu 
0115639,Timothy Hutton 
2771200,Belle
0115641,Beavis and Butt-Head 
0038343,Nell Bowen 
0094721,Adam Maitland
2209418,Jesse Wallace
0112471,Jesse
0381681,Jesse Wallace
0115645,Jacob Ryan 
1532503,Oliver Fields
0106379,Hector 
0120601,Craig Schwartz 
0078841,Chance (Chauncey Gardner)
0120603,Sethe
0065462,Brent
0442933,Beowulf
0402057,Beowulf 
0086960,Axel Foley
1126590,Margaret Keane
0319061,Edward Bloom
0090728,Jack Burton
1086064,Bill and Ted 
0101452,"Bill S. Preston, Esq. and Ted ""Theodore"" Logan"
0096928,"Bill S. Preston, ESQ. and Ted Theodore Logan"
2737304,Malorie Hayes 
2562232,Riggan Thomson
0188453,John Buckingham 
7349662,Ron Stallworth
0454082,Billy Lenz
0265086,Matt Eversmann 
1825683,T'Challa
0096933,Nick Conklin 
0947798,Nina Sayers
0120611,Blade
0187738,Blade 
0083658,Rick Deckard
0359013,Blade
0124298,Adam Weber
0071230,Bart
2531344,Julie Decker
0743446,Danny Archer 
0086979,Ray 
0115710,Jack Nicholson 
1634106,Ray Garrison
0711844,Terry McCaleb 
0303732,Tracy Hathaway 
2359024,Dwight Evans 
1120985,Dean Pereira
0090756,Jeffrey Beaumont
0106447,Nick 
0086984,Jake Scully
0082089,Ned Racine
0106452,Marti Malone 
0758774,Roger Ferris 
1587669,Megan Hunt 
0181984,Seth Davis
0061418,Bonnie Parker and Clyde Barrow
0118749,Eddie Adams / Dirk Diggler
1489887,Molly Davidson 
0096969,Ron Kovic 
0115734,Anthony Adams 
0115736,Corky
7008872,Jared Eamons 
1781782,Solomon Rothman 
1065073,Mason
0101507,Tre Styles
5884230,Brad Sloan
0103874,Jonathan Harker
5943392,Richard Madden 
0112573,William Wallace
0088846,Sam Lowry
0401997,Eric O'Neill
0118771,Jeff Taylor 
0054698,Holly Golightly
0078902,Dave Stoller
0903747,Walter White
5716464,Robin Cavendish
0393109,Brendan Frye
1478338,Annie Walker
3682448,James B. Donovan
1473832,Bridget Jones 
5519340,Daryl Ward
0101510,George 
0810784,John Keats
7752126,Brandon Breyer 
0163988,Frank
0029947,Dr. David Huxley
0092699,Jane Craig
0115759,Riley Hale
0315327,Bruce Nolan
0118276,Buffy Summers 
0094812,Crash Davis 
1462758,Paul Conroy
1126591,Ali Rose 
0887883,Osbourne Cox
0307879,Max 
0064115,Butch Cassidy
1349451,Destiny
0068327,Sally Bowles
1010382,Gunnar 
0080487,Danny Noonan
0257298,Peter Appleton 
5726616,Elio Perlman
0040202,P.J. McNeal
2234003,Father James 
4595882,Lee Israel
2387411,Matthew Bancroft 
0103919,Helen Lyle
0055824,Sam Bowden
8267604,Zain
1535109,Captain Richard Phillips
0074281,T.C. 
2402927,Therese Belivet
0074285,Carrie White
1216475,Lightning McQueen
0034583,Rick Blaine
0112641,Sam 'Ace' Rothstein
0381061,James Bond
0162222,Chuck Noland
0034587,Irena Dubrovna
0327554,Patience Philips
1477837,Tim Lippe
1405365,Celeste
0337921,Ryan
0115857,Eddie Kasalivich 
0824747,Christine Collins
0402910,Quentin Conners
2076822,Todd Hewitt
0759572,Peter Petrelli
6866356,Barry 
0056923,Regina Lampert
0472062,Charlie Wilson
0160127,"Natalie, Dylan, Alex"
0118842,Holden McNeil
0221069,Ed Saxon 
9130508,Cherry 
0175526,Jody Markam
0206634,Theo Faron
0087050,Burt Stanton 
0163579,Tim Mason 
0071315,Jake Gittes
0241303,Vianne Rocher
2416048,Zoey 
1706593,Andrew Detmer
0095765,"Salvatore ""Totò"" Di Vita"
0450405,Darren Shan
0033467,Charles Foster Kane
1174730,Vince Rizzo
0103976,Hazari Pal 
0800320,Perseus
0085346,Jonathan
0389860,Michael Newman
0106582,"Gabriel ""Gabe"" Walker"
0087065,Davey Osborne
0075860,Roy Neary
1371111,Adam Ewing 
0844471,Flint Lockwood
1060277,Rob Hawkins 
0088930,Wadsworth
0080549,Loretta Lynn
0109450,Al Stump 
2380307,Miguel Rivera
0088936,Eddie Cusack
0159365,Inman
5437928,Colette
0369339,Max Durocher
0699285,"Gordon ""Gordy"" Brewer "
1657507,Cataleya Restrepo 
0077362,Sally Hyde
0088944,John Matrix 
0407680,Roger 
0118880,Cameron Poe
0816462,Conan 
3322364,Dr. Bennet Omalu 
0270288,Chuck Barris 
0068408,Caesar 
0118883,Jerry Fletcher
0360486,John Constantine
1598778,Mitch Emhoff
0061512,Luke Jackson
0106611,Derice Bannock
0118887,Freddy Heflin
0112722,Helen Hudson
0327597,Coraline Jones
1441109,Jules Cobb 
0115956,Lieutenant Colonel Nathaniel Serling 
0409847,Jake Lonergan
0306685,Anthony Fait 
0479884,Chev Chelios
0115964,James Ballard
8364368,Haley Keller 
1263670,Bad Blake
3104988,Rachel Chu
1570728,Cal Weaver
0416658,Letty Mayer 
3076658,Adonis Johnson Creed
6343314,Adonis Creed
0310924,Daniel Foray 
2554274,Edith Cushing
0074695,Rolf Steiner
2652118,Silent Wolf 
0139134,Sebastian Valmont
0111931,Terry Jones
6002232,Antoine Besson
0790636,Ron Woodroof
0077394,Damien Thorn 
1667307,Violet 
0099348,Lieutenant John Dunbar
5074352,Mahavir Singh Phogat
0287978,Matt Murdock
0224626,Dr. Maggie Belham 
1234927,Dave Reinhart
4555426,Winston Churchill
1279935,Phil Foster 
8531222,Dave Burd 
0088993,Dr. Sarah Bowman 
0077405,Bill 
0099371,Cole Trickle
0106677,"Randall ""Pink"" Floyd"
0377749,William 
0097165,John Keating
0455760,Jamie Ashen
1431045,Wade Wilson
1241317,Light Turner
1028528,Mike McKay
0804461,Nick Hume 
1321509,Aaron
0266452,Sheldon Mopes 
0104073,Russell Stevens 
0120647,Leo Biederman
0097179,Greg Evigan 
0453467,Doug Carlin
0068473,Ed Gentry 
0106697,John Spartan
1259528,"Nick ""Big Nick"" O'Brien "
4645330,Deborah E. Lipstadt
0165710,"Jeremiah ""Jam"" Bruce "
0112857,"Ezikeal ""Easy"" Rawlins"
1196141,Greg Heffley 
0095016,John McClane
0112864,John McClane
0083833,Eddie
1107319,Danielle 
0109635,Tom Sanders 
6108178,Ronit Krushka 
1136608,Wikus van de Merwe 
0486822,Kale Brecht
0134619,Steve Clark
1840309,Tris Prior
5606664,Dan Torrance
0072890,Sonny Wortzik
0120655,Bethany Sloane
0069995,John Baxter 
0119008,Joe Pistone
0246578,Donnie Darko
0036775,Walter Neff
4558376,Billie Stanton 
1389072,Paul Safranek 
1606375,Robert Crawley
0022835,Dr. Henry Jekyll
3710404,Galen 
0116136,Sir Bowen 
0082288,Galen Bradwarden 
0780504,"The protagonist of the 2011 film ""Drive"" is known as ""The Driver,"" portrayed by Ryan Gosling. ([en.wikipedia.org](https://en.wikipedia.org/wiki/Drive_%282011_film%29?utm_source=openai)) "
1502404,John Milton 
0097239,Daisy Werthan
0157503,Amber Atkins 
0097240,Bob Hughes
0067023,David Mann
0109686,Lloyd Christmas
0329028,Harry Dunne 
0087182,Paul Atreides
5013056,Tommy 
0083866,Elliott
1059786,Jerry Shaw 
0946528,Dave Johnson 
0765443,Nikolai Luzhin
1282140,Olive Penderghast
0109707,Edward D. Wood Jr.
1631867,Major William Cage
0131369,Ed Pekurny 
0271367,Chris McCormick
7014006,Kayla Day
0104815,El Mariachi
0458522,Marc Anthony 
0319343,Buddy 
5294518,Eli Miller 
5881892,Elizabeth 
0414055,Elizabeth I
0368709,Drew Baylor
1535108,Max Da Costa
0092965,James Graham
0338963,John Garth 
0146675,Jericho Cane 
1855199,Brian Taylor
0120660,Robert Clayton Dean
0278435,Slim Hiller 
2390361,Eva
0629253,"Robert ""Mac"" MacDougal "
0238380,John Preston
3958780,Naomi Bishop 
0449010,Eragon
0097289,Erik 
0195685,Erin Brockovich
0116225,Snake Plissken
0082340,Snake Plissken
0067065,Cornelius
0338013,Joel Barish
0119081,Captain Miller 
0092991,Ash Williams
0083908,Hercule Poirot 
0082348,Arthur Pendragon
0116253,David Grant 
1225822,Joel Reynolds 
2481498,Liz Kendall 
2057392,Colonel Katherine Powell
0119094,Sean Archer 
0360556,Guy Montag 
0977855,Valerie Plame 
0112913,Wong Chi-ming 
0120667,Reed Richards
0432283,Mr. Fox
0060397,Grant
0297884,Cathy Whittaker
2802850,Lou Solverson 
0083929,Jeff Spicoli
0093010,Dan Gallagher
0106873,Ned Ravine
0120669,Raoul Duke
0362636,Lynn Blodgett 
0426459,Navi Rawat 
2671706,Troy Maxson
0091042,Ferris Bueller
0137523,The Narrator
5662022,Delilah 
6513120,"Saraya ""Paige"" Bevis "
5711148,Peter Turner
0104265,Dr. Isaac Barr 
0195714,Alex
0309593,Kimberly Corman
0243907,Max Hopper 
0083944,John Rambo
6053438,Reverend Ernst Toller
4882376,Sreymoch Sareum 
0065724,Bobby Dupea
0240507,Victor 
0080745,Flash Gordon
0085549,Alex Owens
1907668,Whip Whitaker
0817177,Juli Baker
2381941,Nicky Spurgeon
1405500,Tangie Adrose 
0800039,Peter Bretter
0109830,Forrest Gump
0210688,Heath 
0005353,Harry Feversham
1341167,Omar
0113101,Ted
0109831,Charles
0488120,Willy Beachum
0264616,Adam Meiks 
0083967,Frances Farmer 
2347569,Frances Halladay
0458481,Dwight McCarthy
1142977,Victor Frankenstein
8019694,Frankie 
0109838,Ricky Coogan 
0101917,Maggie Burroughs 
4158096,Justine 
0186151,John Sullivan
0113118,Craig Jones
0758746,Clay Miller 
0083972,Jason Voorhees
0091080,Tommy Jarvis
0097388,Rennie Wickham
0101921,Evelyn Couch
1632708,Jamie Rellis and Dylan Harper
0089175,Charley Brewster
0116367,Seth Gecko
0045793,Robert E. Lee Prewitt 
0057076,James Bond
0870111,David Frost 
0212277,"Jonathan ""Jack"" Frost "
0978759,Ray Eddy
2334649,Oscar Grant III
0113131,Nina 
0093058,J.T. 'Joker' Davis
0076059,Dick Harper
2713180,"Don ""Wardaddy"" Collier "
0119173,Jordan O'Neil 
0177789,Jason Nesmith
0425055,Nicky Rogan 
2704998,Max Davis 
0944947,"Eddard ""Ned"" Stark"
1034032,John 'Kable' Tillman
0083987,Mohandas K. Gandhi
0118900,Frank Divinci 
0217505,Amsterdam Vallon 
1954470,Faizal Khan
0119177,Vincent Freeman 
0067128,Jack Carter
1226229,Aaron Green 
5052448,Chris Washington
0430308,Marcus Greer 
5761496,Chili Palmer 
2473602,James Brown
0099653,Sam Wheat
0259324,Johnny Blaze
0288477,Maureen Epps 
0162346,Enid
0049261,"Jordan ""Bick"" Benedict, Jr."
0335119,Griet
3564472,Ryan Pierce
0172495,Maximus Decimus Meridius
0139239,Ronna Martin
0120684,James Whale
0120685,Niko Tatopoulos
1800302,Kenny Wells 
0113189,James Bond
0058150,James Bond
0452623,Patrick Kenzie
2267998,Nick Dunne
0187078,"Randall ""Memphis"" Raines"
0031381,Scarlett O'Hara
0452625,Charlie Logan
0433383,Edward R. Murrow 
1920945,Terri Hooley 
0119217,Will Hunting
0099685,Henry Hill
0280707,Sir William McCordle
0348836,Dr. Miranda Grey
1525366,Ciarán O'Shea 
0022958,Baron Felix von Gaigern 
0338075,Phil Kaufman 
4270516,Elle Reid
0119223,Finnegan Bell
6966692,"Tony ""Tony Lip"" Vallelonga"
1514045,Travis 
1133985,Hal Jordan
4062536,Pat 
0087363,Billy Peltzer
0099700,Billy Peltzer 
0119229,Martin Blank
0107048,Phil Connors
3896198,Peter Quill
0113243,Dade Murphy 
2119532,Desmond T. Doss
0475290,Eddie Mannix
0382561,"Patricia ""Peaches"" Whittaker "
0480687,Rick Mills 
1502407,Laurie Strode 
0095271,Jamie Lloyd
0120694,Laurie Strode
0082495,Laurie Strode
0085636,Daniel Challis
0220506,Laurie Strode
0448157,John Hancock 
0993842,Hanna
0091167,Hannah
0147612,Trish Maplewood 
5308322,Tree Gelbman
0424136,Hayley Stark
0119256,Sydney
0120696,Tom
0099739,Mason Storm
0657508,Conor O'Neill 
0099740,Moses Baxter
0097481,"Vernest ""Quick"" Brown "
0366551,Harold Lee and Kumar Patel
0067185,Harold Chasen
4648786,Harriet Tubman 
0295297,Harry Potter
0926084,Harry Potter
0330373,Harry Potter
0417741,Harry Potter
0373889,Harry Potter
0304141,Harry Potter
0241527,Harry Potter
0042546,Elwood P. Dowd 
2257436,Jody Barton 
1001508,Gigi Haim
0113277,Neil McCauley
0097493,Veronica Sawyer 
0110005,Pauline Parker 
0082509,Harry Canyon
0252503,Joe Moore 
2582782,Toby Howard 
0095294,Kirsty Cotton
0167190,Hellboy
0411477,Hellboy 
0093177,Kirsty Lawrence
0116514,Dr. Paul Merchant 
0337636,Amy Klein 
0274546,Trevor Gooden 
0104409,"Joanne ""Joey"" Summerskill "
0122529,Simon Grim
1798709,Theodore Twombly
7942742,Becky Something 
7784604,Annie Graham 
0104412,Bernie LaPlante 
1403177,T.J. Napier
4846340,Katherine Gobels Johnson
0097503,Tom Sykes 
0044706,Will Kane
0091203,Connor MacLeod
0110027,Connor MacLeod
0032599,Hildy Johnson
0975645,Sir Alfred Hitchcock
0465494,Agent 47 
0107120,Max Dennison
5057140,Russell Core 
0164052,Dr. Sebastian Caine 
0099785,Kevin McCallister
0104431,Kevin McCallister
0226771,Frank Pembleton 
8151874,Otis Lort
0097523,Wayne Szalinski
0829193,"Tyrone ""Pine Top"" Purvis "
0102057,Peter Pan
0093209,Bill Rohan
1499658,"Nick Hendricks, Dale Arbus, Kurt Buckman"
2170439,"Nick, Dale, Kurt"
0340163,Jeff Talley 
0425112,Nicholas Angel
1231587,Adam Yates
2510894,Dracula
0251736,Jerry
0185371,Sara Wolfe 
1341188,Lisa Jorgenson 
0455538,Sidney Young 
0892769,Hiccup
1646971,Hiccup Horrendous Haddock III 
0219822,Puff 
0410097,DJay 
5503686,Destiny 
1477855,"Margaret ""Daisy"" Suckley"
1464540,John Smith
5710514,Ruth Kimke 
1220628,Tucker Max 
0119345,Julie James
1155056,Peter Klaven
1045772,Steven Russell
0343818,Del Spooner
1490785,Tom Hiddleston 
3640682,Laney Brooks 
1242432,Jennifer Hills
0130018,Julie James
0770772,Richard Cooper 
6169694,Del 
5580036,Tonya Harding 
0036027,Betsy Connell
0110097,Matt Hobbs 
3236120,Carol Petersen 
1068649,Juliette Fontaine
0309698,Malcolm Rivers
0387808,Joe Bauers
0138510,Anton Tobias
7125860,"Clementine ""Tish"" Rivers "
0210742,Phil Buckley 
0780536,Ray
0385267,Dan Foreman
0247425,Frank Fowler
0061811,Virgil Tibbs
1226774,Simon Foster 
0113409,John Trent 
0478134,Hank Deerfield
1375666,Dom Cobb
0116629,Steven Hiller 
0367882,Indiana Jones
0097576,Indiana Jones
0087469,Indiana Jones
0420609,Truman Capote 
1969062,Cam Stuart 
0361748,Lt. Aldo Raine
5962210,Ingrid Thorburn 
1791528,"Larry ""Doc"" Sportello"
0093260,Tuck Pendleton
2042568,Llewyn Davis
0454848,Dalton Russell
2096673,Riley
2226417,Josh Lambert 
0278504,Will Dormer 
0816692,Cooper
0110148,Louis de Pointe du Lac
0758758,Christopher McCandless
2180411,The Baker
0138524,Miles Massey
0091276,David Gardner 
0119381,Doug Holt 
1057500,Nelson Mandela
0371746,Tony Stark
0093278,Chuck Clarke 
0037820,General Nikolas Pherides
1396484,Bill Denbrough
3235888,Jay Height
1230414,Jane Adler 
0804497,Craig Gilner 
0038650,George Bailey
1616195,J. Edgar Hoover
0102138,Jim Garrison
1278379,Jack 
1619029,Jacqueline Kennedy
0119396,Jackie Brown
0099871,Jacob Singer
0113451,David Corelli 
1229822,Jane Eyre
0418763,"Anthony ""Swoff"" Swofford "
0107254,Diana Kimble
0211443,Jason Voorhees
0073195,Martin Brody
0077766,Martin Brody
0085750,Mike Brody
0093300,Ellen Brody 
0261392,Jay and Silent Bob
0263488,Darry Jenner
0343861,Jeffrey Archer 
0104549,John Berlin
1131734,"Anita ""Needy"" Lesnicki "
0116695,Jerry Maguire
0785015,Ben Cornish 
0425151,Jimmy Wright
0099892,Joe Banks 
0401729,John Carter
0251160,John Quincy Archibald 
0455967,Kate Spencer
2911666,John Wick
0113481,Johnny Mnemonic
2584384,"Johannes ""Jojo"" Betzler"
7286456,Arthur Fleck
0298388,Jonah 
2446980,Joy Mangano
0113492,Joseph Dredd
0076245,Lillian Hellman 
4326444,Julieta
0113497,Alan Parrish
0467406,Juno MacGuff
0163025,Dr. Alan Grant
0369610,Owen Grady 
4916630,Bryan Stevenson
0272152,Prot 
0102178,Taylor Brooks 
0107302,Brian Kessler 
0035423,Leopold 
1250777,Dave Lizewski 
0113540,Telly
0266697,Beatrix Kiddo
0378194,Beatrix Kiddo
1311071,Allen Ginsberg 
0095444,Mike Tobacco
0110265,Zed
6017942,"Elijah ""Eli"" Solinski"
0360717,Ann Darrow
0320661,Balian of Ibelin 
2802144,"Gary ""Eggsy"" Unwin"
0089424,Luis Molina
0067309,John Klute
0104627,Scott Filtenborg
1013743,Roy Miller
8946378,Benoit Blanc
0478311,Ben Stone
0079417,Ted Kramer
0085811,Prince Colwyn
4302938,Kubo
0119485,Tenzin Gyatso 
0441773,Po
0119488,Ed Exley
3783958,Mia Dolan
1967545,Adele Wheeler 
10871176,Charles Kelley 
4925292,"Christine ""Lady Bird"" McPherson"
0139414,Jack Wells 
3841424,Sgt. Carl Leopold Rasmussen 
0418819,Riley Denbo 
1583420,Larry Crowne
0805564,Lars Lindstrom
0107362,Danny Madigan
6018306,"Larry ""Doc"" Shepherd "
0479942,John MacDonald 
1197624,Clyde Shelton 
0056172,T.E. Lawrence
3062976,Wendy 
0113627,Ben Sanderson
1327773,Cecil Gaines
0250494,Elle Woods
0089469,Jack
1038686,Michael 
0126388,Alain Lefevre
1707386,Jean Valjean
1228987,Owen
0093409,Martin Riggs
0122151,Martin Riggs
0498380,Saigo 
0892318,Sophie
0097737,Steven Beck
0119528,Fletcher Reede
0095519,Les Anderson
0123964,Claude Banks 
0118799,Guido Orefice
5989218,Will
0264796,George Monroe 
0454876,Pi Patel
0399281,Denise Tyler 
4786282,Rebecca 
0164085,Joe Gastineau 
1219289,Eddie Morra
0443272,Abraham Lincoln
3741834,Saroo Brierley
0417907,Jimmy 
0404203,Sarah Pierce 
4919484,Jake 
0449059,Olive Hoover
0097758,Brian Stevenson 
0185431,Nicky 
0091419,Seymour Krelborn
3281548,Jo March
0337978,John McClane
0113677,Nick Reve 
0120735,Eddy 
2692904,Ivan Locke 
3315342,Logan
0074812,Logan 5
0018097,Inspector Burke
0116905,Sam Deeds
1091191,Marcus Luttrell
0318155,DJ Drake
1276104,Joe Simmons
0113690,Harry D'Amour
0399295,Yuri Orlov 
0411008,Jack Shephard
0116922,Fred Madison
0160484,Peter Kelson
0089504,David Howard 
0120738,Professor John Robinson 
0335266,Bob Harris
0314331,David
0199725,Monica Wright 
2419232,Dara Reems 
6304162,Alyosha 
2872732,Lucy
4682804,Lucy Cola
1106815,George Ducker 
0066026,Hawkeye Pierce
1470023,MacGruber
10095582,Macbeth 
0985694,Machete Cortez
1586752,Sam Childers 
0082694,Max Rockatansky
0227005,Bobby 
0031602,John Horace Mason 
1371155,Rita O'Grady
3471098,Maggie Hardin 
0175880,Frank T.J. Mackey 
0097815,Jake Taylor
0305793,Jamie Sinsz 
0104797,Malcolm X
0328099,Brad Gluckman 
0113749,Brodie Bruce
1186829,C.J. 
0104804,Harry Bliss 
0328107,John Creasy
0125664,Jim Carrey 
4034228,Lee Chandler
0073349,Hammond Maxwell 
0091474,Will Graham
0466893,Lisa Cohen
1615147,Peter Sullivan 
0757361,Margot 
0390221,María Álvarez 
5175450,Mark Felt
7653254,Charlie
1441326,Martha 
0048356,Marty Piletti
1663655,Lucie Jurin 
5028340,Mary Poppins
2328900,Mary Stuart
0417952,Mary Rose 
0311113,Jack Aubrey
0416320,Chris Wilton
0325805,Roy Waller 
3721954,Maud Dowley
0110478,Bret Maverick
0467197,Max Payne 
0067411,John McCabe
2582496,Greg
0377092,Cady Heron
0070379,Charlie
0119643,Joe Black
0081150,Melvin E. Dummar
0397535,Sayuri
0100133,Captain Dennis Dearborn 
0119654,James Edwards (Agent J)
0119664,Scott Roper 
0017136,Freder Fredersen
0430357,"James ""Sonny"" Crockett"
0465538,Michael Clayton
5613484,Stevie
0064665,Joe Buck
0077928,Billy Hayes
1605783,Gil Pender
8772262,Dani
6924650,Lieutenant Dick Best 
0120751,Joe Young
0113820,Tommy Oliver
0790770,Don Cheadle 
1013753,Harvey Milk
0405159,Maggie Fitzgerald
0119675,Susan Tyler
0425253,"Minerva ""Mini"" Drogues "
0181689,John Anderton
0790686,Ben Carson
4540710,Elizabeth Sloane 
0084335,Ed Horman
0117060,Ethan Hunt
0120755,Ethan Hunt
0183523,Jim McConnell 
2349144,Gerry 
2872462,Tracy Fishko 
0049513,Ishmael
4209788,Molly Bloom
1210166,Billy Beane
0166276,Stu Miley
0340855,Aileen Wuornos
0285742,Hank Grotowski
0198781,James P. Sullivan (Sulley)
1453405,Mike Wazowski
1067774,Grace Bennett 
0071853,King Arthur
1182345,Sam Bell
4975722,Chiron 
1748122,Sam Shakusky 
0093565,Loretta Castorini
0385887,Lionel Essrog
0203009,Christian
0040613,Jim Blandings 
0780571,Earl Brooks
0100201,Larry Burrows
0113862,Glenn Holland
1282592,Adam Meiks 
0356910,John and Jane Smith
0485947,Nemo Nobody
2091935,Martha McKay 
0119280,Queen Victoria 
0117104,Connie Doyle
1935179,Ellis
2396589,Jamie McAllan 
1619856,Betty Elms 
1433810,Shai
0140397,Dr. Mumford 
0408306,Avner Kaufman
0166943,Roberta Guaspari 
0359715,Mickey Burnett 
0119738,Julianne Potter 
3760922,Toula Portokalos-Miller
0104952,Vincent 'Vinny' Gambini 
2291540,Jeffrey Dahmer 
0177023,Marian 
0489235,Bruce Campbell 
0102494,Mike Waters
1655420,Colin Clark
0132347,Mr. Furious
0024368,Florence Dempster
0327056,Jimmy Markum
0110622,Frank Drebin
0068990,Napoleon
0073440,Haven Hamilton
0097958,Clark Wilhelm Griswold Jr
0085995,Clark Griswold 
0368891,Benjamin Franklin Gates
0093605,Caleb Colton
1804272,Rick Grimes 
0095716,Julie Johnson 
0074958,Howard Beale
0151738,Josie Gellar
1334260,Kathy 
5311542,Kurt Barnert
0102526,Scottie Appleton
0363282,Jane Ryan
6484982,"Nutan ""Newton"" Kumar "
0435705,Cris Johnson
0195945,Craig Jones 
0113972,Gene Watson
0477347,Larry Daley
1078912,Larry Daley
0063350,Ben
0128886,Johnny Domino 
0100260,Aaron Boone
0875034,Guido Contini
1186367,Raizo 
0031725,Ninotchka
0113987,Richard Nixon
1411238,Adam
1959490,Noah
4550098,Susan Morrow
0079638,Norma Rae Wilson
0790721,Wendy 
4191702,Norman Oppenheimer
0053125,Roger Thornhill
0465551,Barbara Covett
0058414,Duff Anderson 
0472198,Christopher Wallace 
0125439,William Thacker
4513316,Cathleen Harris
1670345,Dylan Rhodes 
0171580,Betty
1483013,Jack Harper
1197628,Ronnie Barnhardt
1198138,Derek Charles
0054135,Danny Ocean 
5164214,Debbie Ocean 
0240772,Danny Ocean 
0349903,Danny Ocean
3967856,Mija
0364569,Oh Dae-Su
2302755,Mike Banning
0082846,Norman Thayer
4669788,Felicity Jones 
0093593,Marek 
0047296,Terry Malloy
1196956,Paul Potts
0118531,Trevor Garfield
0073486,Randle Patrick McMurphy
0021214,Ruth Eton 
0023305,Dan Hardesty 
0031762,Geoff Carter
1602613,Julian
1714915,Adam
0081283,Conrad Jarrett
0114057,Othello 
0120780,Jack Foley 
2542334,Steve 
0525549,Neil Morris 
0082869,William O'Niel 
4530422,Edward Boyce 
1663662,Raleigh Becket 
8291806,Salvador Mallo
9484998,Nyles
0457430,Ofelia
1188729,Corporal Bower 
0258000,Meg Altman
0114084,Kadeem Hardison 
0070510,Moses Pray
1623288,Norman Babcock
1262990,Lamb Mannerhelm 
8505542,Regina Kotarba 
1233334,Alike 
0087884,Travis Henderson
0105104,John Cutter
1355644,Jim Preston
0066206,George S. Patton
1092026,Paul
1596345,Bobby Fischer 
0120784,Porter
0213149,Rafe McCawley
0054167,Mark Lewis
0091738,Peggy Sue Bodell
0814255,Percy Jackson
0837563,Louis Creed
0105128,Jeff Matthews
5776858,Reynolds Woodcock
0107818,Andrew Beckett 
2431286,Philomena Lee
0183649,Stu Shepard
0138704,Maximillian Cohen
1017495,Ned 
0235326,Max Guevara 
0910936,Dale Denton 
0464154,Julie Forester
0449088,Jack Sparrow
1790809,Captain Jack Sparrow
0325980,Jack Sparrow
0134847,Carolyn Fry
1981677,Beca Mitchell
2848292,Beca Mitchell
2120120,Sam Brenner
0762125,Lem
0133152,Leo Davidson
0091763,Chris Taylor
1729217,Dave Hollis 
0120789,David Wagner
0878835,Kate
0107840,Justice
0102685,Johnny Utah
0084516,Steve Freeling
0081353,Popeye
0100395,Suzanne Vale 
5016504,Jesse Custer 
0929632,Claireece Jones (Precious)
0093773,"Alan ""Dutch"" Schaefer"
0100403,Mike Harrigan
1424381,Royce
0100405,Edward Lewis 
0414387,Elizabeth Bennet
0822847,Priest
0093777,Brian Marsh 
0473075,Prince Dastan 
1392214,Keller Dover
0081383,Kim Hammond 
1446714,Elizabeth Shaw 
2091473,Steve Butler
0054215,Marion Crane
0110912,Vincent Vega and Jules Winnfield
0272338,Barry Egan 
0087957,"The protagonist of ""Purple Rain"" is The Kid, portrayed by Prince. ([en.wikipedia.org](https://en.wikipedia.org/wiki/Purple_Rain_%28film%29?utm_source=openai)) "
0239860,Paul Pentcho
1441951,Reggie Paget 
8722346,"Angela ""Queen"" Johnson "
0238546,Lestat de Lioncourt 
0180073,Marquis de Sade 
4335006,Willie Lump Lump 
0043949,Marcus Vinicius
1245526,Frank Moses
0120801,Orson Welles
0935075,Becca Corbett 
5628902,Rose 
1084950,Kym Buchman 
0191391,Jake 
0081398,Jake LaMotta
0082971,Indiana Jones
0822849,Tom Stark 
9170108,Campion 
0093822,H.I. McDunnough 
0102753,Rose 
0089880,John Rambo
0089881,Hidetora Ichimonji
1677720,Wade Watts
0110907,Kitty Potter 
0089886,Mitch Taylor
0110950,Lelaina Pierce 
0047396,"L.B. ""Jeff"" Jefferies"
2304953,Mitch Brockden 
0421239,Lisa Reisert
2873282,Dominika Egorova
0253556,Quinn Abercromby
0184858,Rudy Duncan
1403981,Tyler Hawkins 
0804522,Anwar El-Ibrahimi 
0294870,Mark Cohen
1053424,Remy 
0180093,Harry Goldfarb
0831884,Ethan Learner 
6493238,Mr. White 
0120804,Alice
0432021,Alice
2948790,Miranda Wells
0483314,Ricky Reilly 
0959337,April Wheeler 
3513548,Richard Jewell 
0117480,Kristin 
0178868,Reiko Asakawa
1446192,Jack Frost
1318514,Caesar
0257044,Mike Sullivan
0111002,Dude Delaney 
4532826,Robin of Loxley 
0102798,Robin Hood
0086203,Angel
1032755,One-Two 
0075148,Rocky Balboa
0479143,Rocky Balboa
0100507,Rocky Balboa
0076637,Major Charles Rane 
6155172,Cleo 
0088011,Joan Wilder
0117509,Romeo Montague 
0165929,Han Sing
0122690,Sam 
3170832,Jack
0063522,Rosemary Woodhouse
0041827,Clay Phillips 
6241872,Ruben Brandt 
1839492,Calvin Weir-Fields
0163187,Maggie Carpenter
1979320,James Hunt
0266915,Chief Inspector Lee and Detective James Carter
1536437,Billy Brody 
0128445,Max Fischer
2053425,Ali 
7068580,Ryan Hansen 
1231277,Samantha Darko 
0257076,Jim Street
0258153,Viktor Taransky 
0035279,Barry Kane
0047437,Sabrina Fairchild
1599348,Matt Weston
1862079,Darius
0944835,Evelyn Salt
0047443,Esperanza Quintero 
0091886,Richard Boyle
0539417,Paige
0881320,Frank McGuire 
0486569,Chase Jackson 
1700841,Frank
2140373,P.L. Travers
0120815,James Francis Ryan
0098258,Lloyd Dobler
0086250,Tony Montana
0175142,Cindy Campbell 
0257106,Cindy Campbell
3387520,Stella Nicholls 
0105323,Charlie Simms
0108052,Oskar Schindler
0267913,Scooby Doo
0446029,Scott Pilgrim
0120082,Sidney Prescott
0134084,Sidney Prescott 
1262416,Sidney Prescott
0096061,Frank Cross 
0114369,Detective David Mills
7668870,David Kim
0108065,Josh Waitzkin
2126357,Maya Vargas 
0327137,Walter
1028576,Penny Chenery 
0839980,Jackie Moon 
0114388,Elinor Dashwood
0379786,Malcolm Reynolds
0221928,Ellen Shaw 
1931533,Marty
0120102,Heinrich Harrer
1135985,Ian
0098724,"The film ""Sex, Lies, and Videotape"" features four main characters: Ann Bishop Mullany, John Mullany, Cynthia Patrice Bishop, and Graham Dalton. Due to the film's ensemble cast and the interwoven nature of their stories, it does not have a single clear protagonist. ([criterion.com](https://www.criterion.com/current/posts/962-sex-lies-and-videotape?utm_source=openai)) "
1000774,Carrie Bradshaw
0203119,Gal
1770734,Collette McVeigh 
0138097,William Shakespeare
0111149,Alex Law
0073692,George Roundy 
0365748,Shaun
0815236,Kirk
0988045,Sherlock Holmes
0117631,David Helfgott
0073705,Roger St. Luc 
0084675,George Dunlap 
0413267,Shrek
3397884,Kate Macer
0286106,Graham Hess
1045658,Pat Solitano Jr.
0075223,George Caldwell 
0090022,Emmett 
3544112,Conor Lalor 
0045152,Don Lockwood
0105417,Deloris Van Cartier
0088128,Samantha Baker
1564585,Jarrod 
5758778,Will Sawyer
0240900,Dave Goodman 
0108160,Sam Baldwin
0162661,Ichabod Crane
5690360,Wren 
0857265,Milo Tindle
0117666,Karl Childers
0439815,Starla Grant 
2063781,Kate Hannah 
0614236,Baby 
0076729,"Bo ""Bandit"" Darville "
0208092,Turkish 
0120834,Ishmael Chambers
1735898,Snow White
1706620,Curtis Everett
0108174,Charlie MacKenzie
0307479,Dr. Chris Kelvin 
0970452,Solomon Kane
0473267,Megan 
0094006,Keith
0053291,Joe (Josephine)
0086336,Will Halloway
0337741,Harry Sanborn
0081534,Richard Collier
3808342,Saul Ausländer
1232783,Cassidy
0469188,Katie Weiderman 
0069303,David Lee Morgan 
0945513,Colter Stevens
0158983,Stan Marsh
0083111,Spencer 
1954843,Anton 
0094012,Lone Starr
0120174,Dawn 
0371246,Flor Moreno 
0054331,Spartacus
0360009,Robert Scott 
0111257,Jack Traven
0096152,Jeff Mills
0120184,Dr. Norman Goodman 
0145487,Peter Parker
0316654,Peter Parker
4633694,Miles Morales
1017460,Clive Nicoli 
1895587,Michael Rezendes 
0090060,Alec
2170593,Vincent MacKenna
0046359,J.J. Sefton 
3385524,Stan Laurel and Oliver Hardy 
0796366,James T. Kirk
0117731,Captain Jean-Luc Picard 
0111280,Jean-Luc Picard
0084726,James T. Kirk
0092007,Admiral James T. Kirk 
0120844,Jean-Luc Picard
0253754,Jean-Luc Picard
0079945,James T. Kirk
0092455,Jean-Luc Picard 
0098382,James T. Kirk
0120915,Qui-Gon Jinn
0121765,Anakin Skywalker
0121766,Anakin Skywalker
0076759,Luke Skywalker
0080684,Luke Skywalker
2488496,Rey
0111282,Daniel Jackson 
0088172,Starman
0120202,Joseph Turner White 
0040835,John Haven 
0371257,Sam Foster
0120686,Jackie Harrison 
2080374,Steve Jobs
0430634,Haley Graham
0145531,Frankie Paige 
0164181,Tom Witzky
0286162,Pete
1423995,"Gerald ""Stone"" Creeson"
0250081,Vi 
1398426,Eazy-E
0114558,Lenny Nero
0420223,Harold Crick
4574334,Will Byers
0044079,Guy Haines
0421073,Tom Ludlow
0243585,Stuart Little
1440292,Oliver Tate 
0491175,Gardner Lodge 
0178047,Anthony 
3263904,"Chesley ""Sully"" Sullenberger"
5774450,Davey Armstrong 
0043014,Joe Gillis
0448134,Robert Capa 
1650062,"Joseph ""Joe"" Lamb "
5112578,Zach Taylor 
0108255,Mario Mario and Luigi Mario
0829482,Seth
0114582,Jack Cody 
0088206,Kara Zor-El
0078346,Superman
0081573,Superman
0086393,Superman / Clark Kent
0094074,Superman
1453257,Clark Kent 
0986263,Tom Greer
0261336,Elizabeth Anderson 
0324127,Thomas Mackelway 
1034415,Susie Bannion
0408236,Benjamin Barker
0230838,Nelson Moss 
0051036,Sidney Falco
0117802,Mike Peters 
0244244,Stanley Jobson
0383028,Caden Cotard
0365737,Bob Barnes
0117880,John Connor
0453556,Leonardo
1675192,Curtis LaForche
0936501,Bryan Mills
0364045,Illeana Scott
0037343,Rocklin
0415306,Ricky Bobby 
1486190,Tamara Drewe 
0034266,Tarzan
0075314,Travis Bickle
0372588,Gary Johnston
0086423,Mac Sledge
6723592,The Protagonist 
0103064,John Connor 
0181852,John Connor
0438488,John Connor
0086425,Aurora Greenway
1441953,Vera Brittain 
1572315,Heather Miller
0427944,Nick Naylor
0405422,Andy Stitzer
0051337,Sinbad
0429493,Hannibal Smith
0115452,Kate Finley 
0096754,"Virgil ""Bud"" Brigman "
0094606,Macon Leary 
2140479,Christian Wolff
0101272,Gomez Addams
1385826,David Norris
0086856,Buckaroo Banzai 
0098987,Ford Fairlane 
0983193,Tintin
6141246,Amelia Wren 
0043265,Charlie Allnut
1440728,Jack
0112346,Andrew Shepherd
1294970,Henry Altmann
0254099,Sally Nash 
0053604,C.C. Baxter
0115571,Zane Ziminski
1655442,George Valentin
0118647,Annibal Ramirez 
0052587,"Richard ""Reef"" Holloway "
0118661,John Steed
0338751,Howard Hughes
2321549,Amelia
4225622,Cole 
1212436,Zoe 
6412452,Buster Scruggs 
0357470,Kelly Ernswiler 
1321860,Walter Black
5592248,John McBurney 
0247199,Daniel Balint 
1412386,Sonny (Dev Patel)
5173200,Evelyn Greenslade 
0083642,Mona Stangley 
0095250,Jacques Mayol 
0092654,Remy McSwain 
0118715,"Jeffrey ""The Dude"" Lebowski"
1596363,Michael Burry
5462602,Kumail Nanjiani
0038355,Philip Marlowe 
0402850,Paul Barnell
0056869,Melanie Daniels
4196450,Nat Turner
0387877,"Dwight ""Bucky"" Bleichert"
0185937,Heather Donahue
0581053,Adam Webber 
0878804,Michael Oher
2132285,Marc Hall 
0037549,Donald Fettes
0103855,Frank Farmer 
0099165,Sherman McCoy
1037705,Eli
0144117,Connor McManus and Murphy McManus
1300851,Connor MacManus 
2702724,Michelle Darnell
0258463,Jason Bourne
0372183,Jason Bourne
0440963,Jason Bourne 
0362478,Norma Lewis 
0787474,Eggs
3181822,Claire Peterson
0112572,Mike Brady
0476964,Erica Bain
0088847,John Bender
0112579,Francesca Johnson
0844286,Bloom 
0825232,Edward Cole
0252963,Bruno Baumann 
0445939,Fergus Coffey 
0289879,Evan Treborn
1259521,Dana Polk 
0115798,Steven Kovacs
0209958,Catharine Deane
1488555,Dave Lockwood
0363771,Peter Pevensie
0124315,Homer Wells
0059037,"Eric ""The Kid"" Stoner "
0109446,Mark Sway
0019777,Mr. Hammer 
1967614,Jackie Burke
1172991,Bobby Walker
0087075,Rosaleen 
1457767,Ed Warren
0968264,Mary Surratt 
0318374,Bernie Lootz 
0115963,Sarah Bailey
0455407,David Dutton 
0481499,Eep
0109506,Eric Draven
0115986,Ashe Corven 
0132910,Alex Corvis
0104036,Fergus
0421715,Benjamin Button
0104040,Kate Moseley
1226271,Brian Clough
0810819,Lili Elbe 
0838221,Francis Whitman
0468569,Batman / Bruce Wayne
1345836,Bruce Wayne
0085404,Dr. Oakes
0068451,Helmut Doork
0043456,Klaatu 
4686844,Lavrentiy Pavlovich Beria
1226753,Rachel Singer
0077416,Michael
0407887,Billy Costigan
1033575,Matt King
0435625,Sarah Carter 
1073105,Sarah Carter 
0047985,Dan Hilliard
0458352,Andrea Sachs
0118971,Kevin Lomax
0118972,Tom O'Meara
3172532,Minnie Goetze 
3521126,Greg Sestero
0104114,Thomas Jefferson Johnson 
0401383,Jean-Dominique Bauby
0101761,Jim Morrison
1825157,Simon
0077474,The Driver
1878870,Nadine Franklin
0046949,Sinuhe
0079100,Sonny Steele
0116192,Adolf Hitler 
3416744,David Foster Wallace 
0116209,Count Laszlo de Almásy
0455944,Robert McCall
1320253,Barney Ross
0097322,Jack Baker
0133751,Casey Connor
8637428,Billi
0232500,Brian O'Conner
2582846,Hazel Grace Lancaster
1837703,Julian Assange
0964517,Micky Ward
0101889,Jack Lucas
0109813,Fred Flintstone 
5649144,Moonee
0091064,Seth Brundle
0432291,Nick Castle
0495031,Maciej Stuhr 
4276820,Ray Kroc 
0240510,Harry Faversham 
1220198,Dr. Abigail Tyler 
0067116,"Jimmy ""Popeye"" Doyle"
0116365,Frank Bannister
7074886,Gary Hart 
0106977,Dr. Richard Kimble
2039393,Jim Bennett
0119174,Nicholas Van Orton
0144214,Paul Brenner
0068638,"Carter ""Doc"" McCoy"
0219699,Annabelle Wilson
0265208,Matthew Kidman
3631112,Rachel Watson
1568346,Mikael Blomkvist
0068646,Michael Corleone
0099674,Michael Corleone 
0071562,Michael Corleone
1979388,Arlo
0076095,Paula McFadden 
0089218,Mikey Walsh
0061722,Benjamin Braddock
2278388,M. Gustave
0057115,Captain Hilts
1343092,Nick Carraway
0082474,Kermit the Frog
0095253,"Chester ""Chet"" Ripley "
1485796,P.T. Barnum 
0120689,Paul Edgecomb
0099703,Roy Dillon 
0391198,Karen Davis
1540133,Sergeant Gerry Boyle 
2980592,David Collins 
0008041,Caitlyn Morales 
1119646,Phil Wenneck 
0949731,Elliot Moore
2404639,Rupert Everett 
0171363,Eleanor Lance
0492044,Matt Campbell 
0317640,Mordechai Jefferson Carver
1454029,Skeeter Phelan
0454841,Doug Bukowski 
0073113,Franz Ritter
0091209,Jim Halsey
0371724,Arthur Dent
1085779,Dane Thompson 
0457939,"Iris Simpkins, Amanda Woods"
3714720,John Hollar 
0119314,Tom Booker
0067217,Dr. Herbert Bock
0274558,Virginia Woolf
0852713,Shelley Darlingson 
0082533,Karen White
0110074,Norville Barnes 
0308383,Coleman Silk
1229165,Allan Karlsson 
1392170,Katniss Everdeen
0099810,Jack Ryan
0887912,Sergeant First Class William James 
0054997,Fast Eddie Felson
0119349,Ben Hood
1124035,Stephen Meyers
1054606,Tony Shepard 
2084970,Alan Turing
0800080,Bruce Banner
0317705,Bob Parr (A.K.A. Mr. Incredible)
0140352,Jeff Wigand
0373926,Silvia Broome 
2788710,Dave Skylark
1058017,Mark Bellison
1302006,"Frank ""The Irishman"" Sheeran"
0129167,Hogarth Hughes
1007029,Margaret Thatcher
0399201,Lincoln Six Echo
0116654,Edward Douglas 
0290675,Charlie Croker 
0119395,Declan Mulqueen
0366627,Jack Starks 
0042609,Jackie Robinson 
0018037,Jakie Rabinowitz
0079367,Navin Johnson 
0192175,George Jetson
0038661,Al Jolson 
0087538,Daniel LaRusso
0842926,Joni Mitchell
5715874,Steven Murphy 
0085794,Rupert Pupkin
1504320,King George VI
0431197,Ronald Fleury
2179116,Joe Toy 
3722070,Miss Mary Shepherd
0335245,Goldthwaite Higginson Dorr 
4353250,Jimmie Fails 
0102266,Joe Hallenbeck
0272020,Eugene Irwin
0246748,Helen Parker 
0844708,Mari Collingwood 
0364800,Skjervald 
0058700,Dr. Robert Morgan
0067328,Sonny Crawford 
0325710,Nathan Algren
0824758,Valentin Bulgakov
0095497,Jesus Christ 
0104691,"Nathaniel ""Hawkeye"" Poe "
0386140,Alejandro de la Vega
1490017,Emmet Brickowski
3741632,John Spencer 
0036104,Kiki Walker 
0362270,Steve Zissou
0036112,Clive Wynne-Candy
0289992,David Gale
7984734,Ephraim Winslow 
0165854,Wilson 
1189340,Mickey Haller 
0110357,Simba
0063227,King Henry II
0097757,Ariel
3464902,David
0116908,Samantha Caine
1482459,Ted
0077869,Frodo Baggins 
0167260,Frodo Baggins
0480255,Captain Franklin Clay 
0093437,Sam
1212428,Percival Fawcett
0144286,Xavier Lombard 
0037884,Don Birnam
0016039,Edward Malone 
0119567,Dr. Ian Malcolm 
3908142,Elaine
0110400,John 
0033870,Sam Spade
6225520,Charles Dickens 
0049470,Dr. Ben McKenna
0243133,Ed Crane
1638355,Napoleon Solo
0368008,Sergeant Raymond Shaw 
3659388,Mark Watney
0110475,Stanley Ipkiss
0120746,Alejandro Murrieta
1560747,Freddie Quell
0133093,Neo
0234215,Neo
0242653,Neo
1790864,Thomas
0472399,Arthur Bishop
4501454,Marnie Minervini 
4779682,Jonas Taylor 
1234548,Bob Wilton 
0151137,Jeanne d'Arc
5536736,Danny Meyerowitz 
1122770,Wendy Watson 
0805570,Leon Kaufman 
0056241,Helen Keller
0117057,Rose Morgan
0884328,David Drayton
0265349,John Klein 
0120616,Rick O'Connell
0209163,Rick O'Connell
0859163,Rick O'Connell
1204342,Walter
0102510,Frank Drebin
0402399,John Smith
1458175,John Brennan
3799694,Holland March
0048424,John Harper
0107688,Jack Skellington
0810988,Gary
5814060,Father Burke 
0120773,Oscar Madison 
2837574,Forrest Tucker
0067525,Robert Neville
0075005,Robert Thorn 
0460890,Thomas Webb 
0467200,Anne Boleyn
1386588,Allen Gamble and Terry Hoitz
0069049,Jake Hannaford 
0230600,Grace Stewart
0395699,Shane Wolfe 
0352696,Linda Fleming 
0071970,Joe Frady
0120783,Hallie Parker and Annie James
0335345,Jesus of Nazareth
2404461,Ahmad 
0187393,Benjamin Martin
4364194,Zak
0107798,Darby Shaw 
1659337,Charlie
3328956,Mark Logue 
0293508,The Phantom
0253474,Wladyslaw Szpilman
1817273,Luke Glanton
0105151,Griffin Mill
0086122,James Penfield
0069113,Reverend Frank Scott 
6294822,Katharine Graham 
0119925,"The protagonist of ""The Postman"" (1997) is an unnamed drifter who adopts the role of a postman in a post-apocalyptic America. ([en.wikipedia.org](https://en.wikipedia.org/wiki/The_Postman_%28film%29?utm_source=openai)) "
0105159,Peekay
3829266,Quinn McKenna 
0482571,Alfred Borden
0066249,Sherlock Holmes
0063462,Max Bialystock
0107889,Joe Kane 
0114194,Thomas Dagget 
1041829,Margaret Tate
0330793,Frank Castle
2184339,James Sandin 
0454921,Chris Gardner
0436697,Queen Elizabeth II
0144814,Rachel Lang 
0976051,Michael Berg
0120004,Vincent D'Agosta 
6217608,Brady Blackburn
0298130,Rachel Keller
0066302,Michael Rimmer 
0117500,Stanley Goodspeed
0265662,Jim Morris
1265990,Sara Matthews
2345737,Eric
0265666,Royal Tenenbaum 
0963794,Amy 
0292644,Sean Bateman
1097649,Amber Tamblyn 
0120053,Simon Templar
0235737,Danny Parker 
0108037,Scotty Smalls
1629412,Billiam 
0775529,Wendy Savage
0114345,Hester Prynne
0049730,Ethan Edwards
2709768,Max
0359950,Walter Mitty
1866249,Mark O'Brien
0036341,Mary Gibson
5580390,Elisa Esposito
0081505,Jack Torrance
0120824,Quoyle
0133952,Anthony 'Hub' Hubbard 
0102926,Clarice Starling
4971344,Eli Sisters
0167404,Malcolm Crowe
0472181,Patrick Winslow 
1285016,Mark Zuckerberg
1657517,Martin Simmonds 
0963966,Dave Stutler
0059742,Maria
0051003,Charles Lindbergh
6663582,Audrey Stockton
0367089,Walt Berkman
0070735,Johnny Hooker
0086370,Jake Hooker 
0038991,Mr. Wilson
0482606,Kristen McKay 
0081568,Cameron
1181917,Zack Martin
6423362,Daniel Bae 
0418206,Robbie Zirpollo 
0120255,Mitchell Stephens
7030432,Kylie Watson
0889573,Wally Mars 
0072251,Zachary Garber 
0134119,Tom Ripley
0817228,Jake Sawyer 
0362227,Viktor Navorski
0088247,Kyle Reese
0072271,Sally Hardesty
2980516,Stephen Hawking
0058648,Private Witt 
0084787,R.J. MacReady
0108327,Miranda Presley 
0044121,"Captain Patrick ""Pat"" Hendry"
2234521,Melvin 
0041959,Holly Martins
0139809,Douglas Hall 
0108333,D'Artagnan 
0054387,"The protagonist of ""The Time Machine"" is the Time Traveller. ([gradesaver.com](https://www.gradesaver.com/the-time-machine/study-guide/character-list/?utm_source=openai)) "
0452694,Henry DeTamble
1243957,Frank
0840361,Doug MacRay
0084809,Jack Brown 
0092106,Hot Rod 
0040897,Fred C. Dobbs 
0478304,Jack O'Brien
0120382,Truman Burbank
1325004,Bella Swan
1259571,Bella Swan
8404614,Pope Benedict XVI
1142988,Abby Richter
0114814,Roger 'Verbal' Kint
0831374,Charlie DeSantis 
0084855,Frank Galvin
0368447,Lucius Hunt
0046534,Clayton Forrester
0080120,Cleon
0204626,Joel Campbell
0118125,Cheryl 
8544498,Jack Cunningham
1727388,Duncan
0372532,Kat Ellis 
0120888,Robbie Hart
0896872,Kathryn Bolkovac
3750872,Joan Castleman
0065214,Pike Bishop
0094332,Daryl Van Horne
0993846,Jordan Belfort 
0780653,Lawrence Talbot
0361127,Walter
0143145,James Bond
1213663,Gary King
1125849,"Randy ""The Ram"" Robinson"
0120902,Fox Mulder
7083566,Fox Mulder 
0086617,Guy Hamilton
0962736,Victoria
2333804,Qohen Leth 
0103074,Thelma Dickinson and Louise Sawyer
1541935,Basil 
0469494,Daniel Plainview
0129387,Ted Stroehmann 
0283632,Julia Lund 
0083190,Frank
0245674,Arthur Kriticos 
0146309,Kenneth O'Donnell 
0108330,"Toby ""Jack"" Wolff "
1758830,Pete
1245492,Jay Baruchel
0800369,Thor
3501632,Thor
5027774,Mildred Hayes
0073802,Joe Turner
0805337,Simon Belin 
0120188,Major Archie Gates 
0094137,Peter Mitchell 
0032029,Moe Howard 
0105585,Ray Levoi 
0196158,Ray Nettles
0857295,Mike Warren 
0081633,Kevin
0300556,Chris Johnston
0117918,Roy McAvoy
0094155,BB Babowsky
1340800,George Smiley
0120338,Rose DeWitt Bukater
0048728,John Robie 
0056592,Atticus Finch
0100791,Harry 
0415322,Tom Brown 
0112302,Tom Sawyer
1365519,Lara Croft
0120347,James Bond
4048272,Winfried Conradi 
0084805,Michael Dorsey
0100802,Douglas Quaid
6791238,Kellie 
0471042,Josh Kovaks
0114709,Woody
0120363,Woody
0435761,Woody
0181865,Robert Wakefield
0139654,Jake Hoyt
0117951,Mark Renton
3152624,Amy Townsend
2209764,Dr. Will Caster
0418279,Sam Witwicky
0100814,"Valentine ""Val"" McKee"
1488606,"Santiago ""Pope"" Garcia "
0023622,Gaston Monescu
0332452,Achilles
0098524,Eddie Dodd 
0139668,Steve Everett
0108399,Clarence Worley
3203606,Dalton Trumbo
3859076,Mary Mapes 
5610554,Marlo
0086491,Bill Connor 
0105665,Laura Palmer
0369179,Charlie Harper
0417217,Brandon Lang 
0120399,Bobby Cooper 
0217869,David Dunn
1809398,Louis Zamperini
0086510,Russell Price 
1275861,Rachel and Theo Matheson 
5691670,Sam 
1441395,"The protagonist of the 2013 film ""Under the Skin"" is portrayed by Scarlett Johansson. ([en.wikipedia.org](https://en.wikipedia.org/wiki/Under_the_Skin_%282013_film%29?utm_source=openai)) "
0250797,"Constance ""Connie"" Sumner "
0105695,William Munny
1401152,Dr. Martin Harris
0914863,Helen Brody 
0880578,Jennifer Marsh
1049413,Carl Fredricksen
1843323,Reagan Brinkley 
0118055,Tally Atwater
1193138,Ryan Bingham
6499752,Grey Trace
2084989,Kris 
0146336,Natalie Simon
6857112,Adelaide Wilson
0434409,V
0112209,Sydney Bloom
0452702,David Fox
0242998,Kate Davies 
0817230,Empty string
0985699,Claus von Stauffenberg
5197820,Vanessa Helsing 
0259711,David Aames
0443274,Thomas Barnes 
1759761,Selina Meyer 
0432373,Z-Bob 
7043012,Morf Vandewalt 
0120879,Brian Slade
0052357,"John ""Scottie"" Ferguson"
0124198,Jon Favreau 
0497465,Vicky
1976009,Igor Strausman
5816682,Abdul Karim
5960374,Celeste
0910970,WALL-E
2258858,Wadjda
0351977,Chris Vaughn
0094291,Bud Fox
1027718,"Jacob ""Jake"" Moore "
0493464,Wesley Allan Gibson
1568911,Albert Narracott 
3450958,Caesar
0407304,Ray Ferrier
0086567,David Lightman
0423510,Franklin D. Roosevelt 
5113250,Audrey 
1291584,Tommy Conlon
0409459,Rorschach
1067583,Jacob Jankowski
0114898,The Mariner
8652728,Tyler Williams 
1059741,Todd 
1389137,Benjamin Mee 
1242460,Eva Khatchadourian 
0498399,Bobby Green 
0396269,John Beckwith
9072146,Nathan Brown 
0475784,Dolores Abernathy 
0103241,Bob Wiley
0161081,Claire Spencer
0023686,Mary Evans 
6662736,Bridget 
0098635,Harry Burns
0080130,Jill Johnson
0386117,Max
0887971,Della Myers 
1791682,Josh Srebnick 
0114924,Lucy Eleanor Moderatz 
2582802,Andrew Neiman
0047673,Bob Wallace
2334879,John Cale
0118158,Chuck Gieg 
0365929,Carrie Stetko
0096438,Eddie Valiant
7211154,"Tony ""TJ"" Caruso Jr. "
0287138,Chris Hughes 
0486946,Woody Stevens
0120890,Sam Lombardo
0448179,Marie Clifton 
0120891,James West
0100935,Sailor Ripley 
0310357,Willard Stiles
0096446,Willow Ufgood
1606392,Mike Flaherty
0486051,Girl 
5362988,Cory Lambert
1399683,Ree Dolly
0090329,John Book
0051201,Sir Wilfrid Robarts
0057688,Bill Austin 
2404425,Maria Altmann
0185014,Grady Tripp
0451279,Diana Prince
5208216,Rose 
0120901,Ryan Harrison
0120903,Logan (Wolverine)
0458525,James Logan
0103584,Cyclops
0290334,Wolverine
5660414,Simon Strong 
8042500,Yorick Brown 
1068680,Carl Allen 
0038263,"Robert ""Bob"" Collins "
0203230,Sammy Prescott
0062512,James Bond
5742374,Joe 
0128853,Kathleen Kelly
1625346,Mavis Gary
0072431,Dr. Frederick Frankenstein
0103312,Chris 
1240982,Thadeous
0443706,Robert Graysmith 
2948356,Judy Hopps
0080180,Lord Chelmsford 
0120907,Allegra Geller
0295701,Xander Cage 
