imdb_id,character_name_search,gender
80319,Violet Newstead,Female
40072,Judge Calvin Cooke ,Male
3322940,Mia Gordon,Female
1781782,Solomon Rothman ,Male
1106815,George Ducker ,Unknown
85995,Clark Griswold ,Male
110907,Kitty Potter ,Female
473267,Megan ,Female
1321509,Aaron,Male
100260,Aaron Boone,Male
1226229,Aaron Green ,Male
1142988,Abby Richter,Female
5816682,Abdul Karim,Male
443272,Abraham Lincoln,Male
109040,Ace Ventura,Male
332452,Achilles,Male
1411238,Adam,Male
1714915,Adam,Male
1371111,Adam Ewing ,Male
94721,Adam Maitland,Male
264616,Adam Meiks ,Male
1282592,Adam Meiks ,Male
581053,Adam Webber ,Unknown
124298,Adam Weber,Male
1231587,Adam Yates,Male
6857112,Adelaide Wilson,Female
1967545,Adele Wheeler ,Female
92007,Admiral James T. Kirk ,Male
116192,Adolf Hitler ,Male
6343314,Adonis Creed,Male
3076658,Adonis Johnson Creed,Male
465494,Agent 47 ,Male
1365050,Agu ,Male
2404461,Ahmad ,Male
340855,Aileen Wuornos,Female
38661,Al Jolson ,Male
109450,Al Stump ,Male
126388,Alain Lefevre,Male
93773,"Alan ""Dutch"" Schaefer",Male
113497,Alan Parrish,Male
2084970,Alan Turing,Male
1568911,Albert Narracott ,Male
90060,Alec,Male
120746,Alejandro Murrieta,Male
386140,Alejandro de la Vega,Male
2667918,Alex ,Male
195714,Alex,Male
132910,Alex Corvis,Unknown
66921,Alex DeLarge,Male
111149,Alex Law,Male
85549,Alex Owens,Unknown
375173,Alfie Elkins ,Male
482571,Alfred Borden,Male
2053425,Ali ,Male
1126591,Ali Rose ,Female
432021,Alice,Female
120804,Alice,Female
95742,Alice Johnson,Female
97981,Alice Johnson ,Female
1014759,Alice Kingsleigh,Female
1233334,Alike ,Female
1229165,Allan Karlsson ,Male
120907,Allegra Geller,Female
1386588,Allen Gamble and Terry Hoitz,Male
1311071,Allen Ginsberg ,Male
75686,Alvy Singer,Male
6304162,Alyosha ,Male
157503,Amber Atkins ,Female
1097649,Amber Tamblyn ,Female
2321549,Amelia,Female
6141246,Amelia Wren ,Female
217505,Amsterdam Vallon ,Male
963794,Amy ,Female
337636,Amy Klein ,Female
3152624,Amy Townsend,Female
121765,Anakin Skywalker,Male
121766,Anakin Skywalker,Male
118617,Anastasia (Anya),Female
458352,Andrea Sachs,Female
107818,Andrew Beckett ,Male
1706593,Andrew Detmer,Male
2582802,Andrew Neiman,Male
112346,Andrew Shepherd,Male
118604,Andy McDermott ,Male
405422,Andy Stitzer,Male
86203,Angel,Unknown
8722346,"Angela ""Queen"" Johnson ",Female
1131734,"Anita ""Needy"" Lesnicki ",Female
360717,Ann Darrow,Female
1781769,Anna Karenina,Female
838247,Anna Taylor ,Female
219699,Annabelle Wilson,Female
467200,Anne Boleyn,Female
118647,Annibal Ramirez ,Male
7784604,Annie Graham ,Female
1478338,Annie Walker,Female
178047,Anthony ,Male
418763,"Anthony ""Swoff"" Swofford ",Male
133952,Anthony 'Hub' Hubbard ,Male
115734,Anthony Adams ,Male
306685,Anthony Fait ,Male
6002232,Antoine Besson,Male
1954843,Anton ,Male
138510,Anton Tobias,Male
86879,Antonio Salieri,Male
804522,Anwar El-Ibrahimi ,Male
959337,April Wheeler ,Female
95159,Archie Leach,Male
97757,Ariel,Female
1979388,Arlo,Male
4451006,Armstrong ,Male
1542344,Aron Ralston,Male
1334512,Arthur Bach ,Male
472399,Arthur Bishop,Male
371724,Arthur Dent,Male
7286456,Arthur Fleck,Male
245674,Arthur Kriticos ,Male
82348,Arthur Pendragon,Male
106308,Ash Williams,Male
92991,Ash Williams,Male
115986,Ashe Corven ,Male
56592,Atticus Finch,Male
5113250,Audrey ,Female
6663582,Audrey Stockton,Female
86425,Aurora Greenway,Female
118655,Austin Powers,Male
145660,Austin Powers,Male
408306,Avner Kaufman,Male
86960,Axel Foley,Male
94155,BB Babowsky,Male
3890160,Baby,Male
614236,Baby ,Unknown
1263670,Bad Blake,Male
320661,Balian of Ibelin ,Male
465551,Barbara Covett,Female
1423894,Barney Panofsky,Male
1320253,Barney Ross,Male
22958,Baron Felix von Gaigern ,Male
6866356,Barry ,Male
272338,Barry Egan ,Male
35279,Barry Kane,Male
71230,Bart,Male
101410,Barton Fink,Male
1541935,Basil ,Male
106364,Batman,Male
103776,Batman,Male
118688,Batman,Male
112462,Batman / Bruce Wayne,Male
468569,Batman / Bruce Wayne,Male
266697,Beatrix Kiddo,Female
378194,Beatrix Kiddo,Female
115641,Beavis and Butt-Head ,Male
2848292,Beca Mitchell,Female
1981677,Beca Mitchell,Female
935075,Becca Corbett ,Female
7942742,Becky Something ,Female
1325004,Bella Swan,Female
1259571,Bella Swan,Female
2771200,Belle,Female
63350,Ben,Unknown
790686,Ben Carson,Male
785015,Ben Cornish ,Unknown
119349,Ben Hood,Male
113627,Ben Sanderson,Male
478311,Ben Stone,Male
97243,Ben du Toit,Male
408236,Benjamin Barker,Male
61722,Benjamin Braddock,Male
421715,Benjamin Button,Male
368891,Benjamin Franklin Gates,Male
187393,Benjamin Martin,Male
1389137,Benjamin Mee ,Male
78788,Benjamin Willard,Male
8946378,Benoit Blanc,Male
402057,Beowulf ,Male
442933,Beowulf,Male
104412,Bernie LaPlante ,Male
318374,Bernie Lootz ,Male
120655,Bethany Sloane,Female
36027,Betsy Connell,Female
171580,Betty,Female
1619856,Betty Elms ,Female
77405,Bill ,Male
57688,Bill Austin ,Male
86491,Bill Connor ,Male
1396484,Bill Denbrough,Male
93209,Bill Rohan,Male
96928,"Bill S. Preston, ESQ. and Ted Theodore Logan",Male
101452,"Bill S. Preston, Esq. and Ted ""Theodore"" Logan",Male
1086064,Bill and Ted ,Male
8637428,Billi,Female
1629412,Billiam ,Male
4622512,Billie Jean King,Female
4558376,Billie Stanton ,Female
1210166,Billy Beane,Male
1536437,Billy Brody ,Male
407887,Billy Costigan,Male
77928,Billy Hayes,Male
454082,Billy Lenz,Male
4080956,Billy Moore ,Male
99700,Billy Peltzer ,Male
87363,Billy Peltzer,Male
6967980,Bitti Mishra ,Female
187738,Blade ,Male
359013,Blade,Male
120611,Blade,Male
844286,Bloom ,Male
76729,"Bo ""Bandit"" Darville ",Male
405296,Bob Arctor,Male
365737,Bob Barnes,Male
335266,Bob Harris,Male
97240,Bob Hughes,Male
317705,Bob Parr (A.K.A. Mr. Incredible),Male
47673,Bob Wallace,Male
103241,Bob Wiley,Male
1234548,Bob Wilton ,Male
227005,Bobby ,Male
120399,Bobby Cooper ,Male
65724,Bobby Dupea,Male
1596345,Bobby Fischer ,Male
498399,Bobby Green ,Male
1172991,Bobby Walker,Male
61418,Bonnie Parker and Clyde Barrow,Female
328099,Brad Gluckman ,Male
5884230,Brad Sloan,Male
6217608,Brady Blackburn,Male
7752126,Brandon Breyer ,Male
417217,Brandon Lang ,Male
1169133,Brandon O'Leary ,Male
393109,Brendan Frye,Male
65462,Brent,Male
110478,Bret Maverick,Male
1226271,Brian Clough,Male
107302,Brian Kessler ,Male
93777,Brian Marsh ,Male
101393,Brian McCaffrey,Male
232500,Brian O'Conner,Male
120879,Brian Slade,Male
97758,Brian Stevenson ,Male
1855199,Brian Taylor,Male
6662736,Bridget ,Female
1473832,Bridget Jones ,Female
783233,Briony Tallis,Female
113749,Brodie Bruce,Unknown
800080,Bruce Banner,Male
489235,Bruce Campbell ,Male
315327,Bruce Nolan,Male
372784,Bruce Wayne,Male
1672723,Bruce Wayne ,Male
96895,Bruce Wayne,Male
1345836,Bruce Wayne,Male
252963,Bruno Baumann ,Male
936501,Bryan Mills,Male
4916630,Bryan Stevenson,Male
86856,Buckaroo Banzai ,Male
2350892,Bud Case,Male
94291,Bud Fox,Male
319343,Buddy ,Male
118276,Buffy Summers ,Female
1003594,Burt Farlander ,Male
87050,Burt Stanton ,Male
6412452,Buster Scruggs ,Male
64115,Butch Cassidy,Male
107808,Butch Haynes,Male
53604,C.C. Baxter,Male
1186829,C.J. ,Male
383028,Caden Cotard,Male
377092,Cady Heron,Female
69768,Caesar ,Male
68408,Caesar ,Male
1318514,Caesar,Male
3450958,Caesar,Male
8041,Caitlyn Morales ,Female
1570728,Cal Weaver,Male
93605,Caleb Colton,Male
303714,Calvin Palmer Jr. ,Male
1839492,Calvin Weir-Fields,Male
1969062,Cam Stuart ,Male
81568,Cameron,Unknown
118880,Cameron Poe,Male
9170108,Campion ,Unknown
100133,Captain Dennis Dearborn ,Male
480255,Captain Franklin Clay ,Male
57115,Captain Hilts,Male
1790809,Captain Jack Sparrow,Male
117731,Captain Jean-Luc Picard ,Male
119081,Captain Miller ,Unknown
44121,"Captain Patrick ""Pat"" Hendry",Male
1535109,Captain Richard Phillips,Male
1068680,Carl Allen ,Male
1049413,Carl Fredricksen,Male
1571222,Carl Jung,Male
3236120,Carol Petersen ,Female
134847,Carolyn Fry,Female
1000774,Carrie Bradshaw,Female
365929,Carrie Stetko,Female
74285,Carrie White,Female
68638,"Carter ""Doc"" McCoy",Male
133751,Casey Connor,Unknown
1232783,Cassidy,Unknown
1657507,Cataleya Restrepo ,Female
209958,Catharine Deane,Female
4513316,Cathleen Harris,Female
297884,Cathy Whittaker,Female
1327773,Cecil Gaines,Male
94715,"Cecilia Carol ""C.C."" Bloom ",Female
1405365,Celeste,Female
5960374,Celeste,Female
78841,Chance (Chauncey Gardner),Male
109831,Charles,Male
6225520,Charles Dickens ,Male
33467,Charles Foster Kane,Male
10871176,Charles Kelley ,Male
51003,Charles Lindbergh,Male
89175,Charley Brewster,Male
7653254,Charlie,Male
70379,Charlie,Male
1659337,Charlie,Male
43265,Charlie Allnut,Male
290675,Charlie Croker ,Male
831374,Charlie DeSantis ,Male
369179,Charlie Harper,Male
452625,Charlie Logan,Male
108174,Charlie MacKenzie,Male
105323,Charlie Simms,Male
472062,Charlie Wilson,Male
486569,Chase Jackson ,Male
9130508,Cherry ,Unknown
118125,Cheryl ,Female
3263904,"Chesley ""Sully"" Sullenberger",Male
95253,"Chester ""Chet"" Ripley ",Male
479884,Chev Chelios,Male
266915,Chief Inspector Lee and Detective James Carter,Male
5761496,Chili Palmer ,Male
4975722,Chiron ,Male
103312,Chris ,Unknown
454921,Chris Gardner,Male
287138,Chris Hughes ,Unknown
300556,Chris Johnston,Male
271367,Chris McCormick,Unknown
91763,Chris Taylor,Male
351977,Chris Vaughn,Male
5052448,Chris Washington,Male
416320,Chris Wilton,Male
203009,Christian,Male
2140479,Christian Wolff,Male
4925292,"Christine ""Lady Bird"" McPherson",Female
824747,Christine Collins,Female
103594,Christopher Columbus ,Male
758758,Christopher McCandless,Male
472198,Christopher Wallace ,Male
270288,Chuck Barris ,Male
93278,Chuck Clarke ,Male
118158,Chuck Gieg ,Male
162222,Chuck Noland,Male
1525366,Ciarán O'Shea ,Male
257106,Cindy Campbell,Female
175142,Cindy Campbell ,Female
3181822,Claire Peterson,Female
161081,Claire Spencer,Female
929632,Claireece Jones (Precious),Female
108399,Clarence Worley,Male
102926,Clarice Starling,Female
1453257,Clark Kent ,Male
97958,Clark Wilhelm Griswold Jr,Male
123964,Claude Banks ,Male
985699,Claus von Stauffenberg,Male
211933,Clay Beresford,Male
758746,Clay Miller ,Male
41827,Clay Phillips ,Male
46534,Clayton Forrester,Male
7125860,"Clementine ""Tish"" Rivers ",Female
6155172,Cleo ,Female
80120,Cleon,Male
971209,Cliff Anderson,Male
1017460,Clive Nicoli ,Male
36112,Clive Wynne-Candy,Male
1197624,Clyde Shelton ,Male
4225622,Cole ,Male
99371,Cole Trickle,Male
308383,Coleman Silk,Male
5437928,Colette,Female
1655420,Colin Clark,Male
1770734,Collette McVeigh ,Female
2057392,Colonel Katherine Powell,Female
945513,Colter Stevens,Male
816462,Conan ,Male
117104,Connie Doyle,Female
110027,Connor MacLeod,Male
91203,Connor MacLeod,Male
1300851,Connor MacManus ,Male
144117,Connor McManus and Murphy McManus,Male
3544112,Conor Lalor ,Male
3416532,Conor O'Malley,Male
657508,Conor O'Neill ,Male
81283,Conrad Jarrett,Male
250797,"Constance ""Connie"" Sumner ",Female
816692,Cooper,Male
327597,Coraline Jones,Female
115736,Corky,Female
67065,Cornelius,Male
1188729,Corporal Bower ,Male
5362988,Cory Lambert,Male
116209,Count Laszlo de Almásy,Male
804497,Craig Gilner ,Male
113118,Craig Jones,Male
195945,Craig Jones ,Male
120601,Craig Schwartz ,Male
94812,Crash Davis ,Male
435705,Cris Johnson,Male
1706620,Curtis Everett,Male
1675192,Curtis LaForche,Male
103584,Cyclops,Male
94701,Cynthia Weston ,Female
108333,D'Artagnan ,Male
318155,DJ Drake,Unknown
410097,DJay ,Male
113243,Dade Murphy ,Male
97239,Daisy Werthan,Female
910936,Dale Denton ,Male
454848,Dalton Russell,Male
3203606,Dalton Trumbo,Male
77394,Damien Thorn ,Male
381849,Dan Evans,Male
385267,Dan Foreman,Male
93010,Dan Gallagher,Male
23305,Dan Hardesty ,Male
47985,Dan Hilliard,Unknown
5606664,Dan Torrance,Male
1259521,Dana Polk ,Female
1085779,Dane Thompson ,Male
8772262,Dani,Female
6423362,Daniel Bae ,Male
247199,Daniel Balint ,Male
85636,Daniel Challis,Male
310924,Daniel Foray ,Male
111282,Daniel Jackson ,Male
87538,Daniel LaRusso,Male
469494,Daniel Plainview,Male
1107319,Danielle ,Female
2316204,Daniels ,Male
743446,Danny Archer ,Male
107362,Danny Madigan,Male
5536736,Danny Meyerowitz ,Male
80487,Danny Noonan,Male
54135,Danny Ocean ,Male
240772,Danny Ocean ,Male
349903,Danny Ocean,Male
235737,Danny Parker ,Male
2419232,Dara Reems ,Unknown
107798,Darby Shaw ,Female
1862079,Darius,Female
450405,Darren Shan,Male
263488,Darry Jenner,Male
94332,Daryl Van Horne,Male
5519340,Daryl Ward,Male
8531222,Dave Burd ,Male
240900,Dave Goodman ,Male
1729217,Dave Hollis ,Male
946528,Dave Johnson ,Male
1250777,Dave Lizewski ,Male
1488555,Dave Lockwood,Male
1234927,Dave Reinhart,Male
2788710,Dave Skylark,Unknown
78902,Dave Stoller,Male
963966,Dave Stutler,Male
5774450,Davey Armstrong ,Male
87065,Davey Osborne,Unknown
314331,David,Male
3464902,David,Male
259711,David Aames,Male
2980592,David Collins ,Male
113451,David Corelli ,Male
884328,David Drayton,Male
217869,David Dunn,Male
455407,David Dutton ,Male
3416744,David Foster Wallace ,Male
452702,David Fox,Male
870111,David Frost ,Male
289992,David Gale,Male
91276,David Gardner ,Male
116253,David Grant ,Male
1603257,David Hargrove ,Male
117631,David Helfgott,Male
89504,David Howard ,Male
82010,David Kessler ,Male
7668870,David Kim,Male
69303,David Lee Morgan ,Male
86567,David Lightman,Male
67023,David Mann,Male
1385826,David Norris,Male
120789,David Wagner,Male
120174,Dawn ,Female
302297,Deacon ,Male
1120985,Dean Pereira,Male
5164214,Debbie Ocean ,Female
4645330,Deborah E. Lipstadt,Female
119395,Declan Mulqueen,Male
6169694,Del ,Male
343818,Del Spooner,Male
5662022,Delilah ,Female
887971,Della Myers ,Female
105417,Deloris Van Cartier,Female
399281,Denise Tyler ,Female
2891174,Dennis Nash ,Male
1198138,Derek Charles,Male
120586,Derek Vinyard,Male
106611,Derice Bannock,Male
2119532,Desmond T. Doss,Male
1349451,Destiny,Female
5503686,Destiny ,Female
114369,Detective David Mills,Male
5477566,Devon Terrell ,Unknown
107254,Diana Kimble,Female
451279,Diana Prince,Female
76059,Dick Harper,Male
475784,Dolores Abernathy ,Female
1375666,Dom Cobb,Male
2873282,Dominika Egorova,Female
2713180,"Don ""Wardaddy"" Collier ",Male
37884,Don Birnam,Male
790770,Don Cheadle ,Male
45152,Don Lockwood,Male
37549,Donald Fettes,Male
246578,Donnie Darko,Male
454841,Doug Bukowski ,Male
453467,Doug Carlin,Male
119381,Doug Holt ,Male
840361,Doug MacRay,Male
139809,Douglas Hall ,Male
100802,Douglas Quaid,Male
1220198,Dr. Abigail Tyler ,Female
163025,Dr. Alan Grant,Male
49470,Dr. Ben McKenna,Male
122933,Dr. Ben Sobel ,Male
3322364,Dr. Bennet Omalu ,Male
307479,Dr. Chris Kelvin ,Male
29947,Dr. David Huxley,Male
72431,Dr. Frederick Frankenstein,Male
22835,Dr. Henry Jekyll,Male
67217,Dr. Herbert Bock,Male
119567,Dr. Ian Malcolm ,Male
104265,Dr. Isaac Barr ,Male
224626,Dr. Maggie Belham ,Female
99077,Dr. Malcolm Sayer ,Male
1401152,Dr. Martin Harris,Male
348836,Dr. Miranda Grey,Female
140397,Dr. Mumford ,Unknown
120184,Dr. Norman Goodman ,Male
85404,Dr. Oakes,Unknown
116514,Dr. Paul Merchant ,Male
106977,Dr. Richard Kimble,Male
58700,Dr. Robert Morgan,Male
88993,Dr. Sarah Bowman ,Female
164052,Dr. Sebastian Caine ,Male
2209764,Dr. Will Caster,Male
2510894,Dracula,Male
368709,Drew Baylor,Male
101327,Drew Carson ,Male
111002,Dude Delaney ,Male
58414,Duff Anderson ,Male
1727388,Duncan,Male
387877,"Dwight ""Bucky"" Bleichert",Male
2359024,Dwight Evans ,Male
458481,Dwight McCarthy,Male
1632708,Jamie Rellis and Dylan Harper,Jamie Rellis: Female  
1670345,Dylan Rhodes ,Male
780571,Earl Brooks,Male
1398426,Eazy-E,Male
389722,Eben Oleson ,Male
44008,Ebenezer Scrooge,Male
243133,Ed Crane,Male
119488,Ed Exley,Male
68473,Ed Gentry ,Male
84335,Ed Horman,Male
131369,Ed Pekurny ,Male
221069,Ed Saxon ,Male
1457767,Ed Warren,Male
944947,"Eddard ""Ned"" Stark",Male
83833,Eddie,Unknown
118749,Eddie Adams / Dirk Diggler,Male
88936,Eddie Cusack,Male
98524,Eddie Dodd ,Male
179626,Eddie Flemming ,Male
115857,Eddie Kasalivich ,Male
475290,Eddie Mannix,Male
1219289,Eddie Morra,Male
96438,Eddie Valiant,Male
120735,Eddy ,Male
2554274,Edith Cushing,Female
319061,Edward Bloom,Male
4530422,Edward Boyce ,Male
369226,Edward Carnby,Male
825232,Edward Cole,Male
109707,Edward D. Wood Jr.,Male
116654,Edward Douglas ,Male
80360,Edward Jessup ,Male
100405,Edward Lewis ,Male
16039,Edward Malone ,Male
433383,Edward R. Murrow ,Male
1521197,Edward de Vere ,Male
481499,Eep,Female
787474,Eggs,Male
104815,El Mariachi,Male
3908142,Elaine,Female
171363,Eleanor Lance,Female
1037705,Eli,Male
5294518,Eli Miller ,Male
4971344,Eli Sisters,Male
6017942,"Elijah ""Eli"" Solinski",Male
114388,Elinor Dashwood,Female
5726616,Elio Perlman,Male
5580390,Elisa Esposito,Female
5881892,Elizabeth ,Female
261336,Elizabeth Anderson ,Female
414387,Elizabeth Bennet,Female
1284575,Elizabeth Halsey,Female
414055,Elizabeth I,Female
371514,Elizabeth Richardson ,Female
1446714,Elizabeth Shaw ,Female
4540710,Elizabeth Sloane ,Female
4270516,Elle Reid,Female
250494,Elle Woods,Female
93300,Ellen Brody ,Female
118583,Ellen Ripley,Female
78748,Ellen Ripley ,Female
90605,Ellen Ripley,Female
221928,Ellen Shaw ,Female
949731,Elliot Moore,Male
83866,Elliott,Male
1935179,Ellis,Male
42546,Elwood P. Dowd ,Male
1490017,Emmet Brickowski,Male
90022,Emmett ,Male
817230,Empty string,Unknown
162346,Enid,Female
7984734,Ephraim Winslow ,Male
449010,Eragon,Male
2345737,Eric,Male
59037,"Eric ""The Kid"" Stoner ",Male
106303,Eric Desmond ,Male
109506,Eric Draven,Male
401997,Eric O'Neill,Male
476964,Erica Bain,Female
97289,Erik ,Male
195685,Erin Brockovich,Female
47443,Esperanza Quintero ,Female
75265,Esther Hoffman ,Female
49730,Ethan Edwards,Male
120755,Ethan Hunt,Male
117060,Ethan Hunt,Male
831884,Ethan Learner ,Male
272020,Eugene Irwin,Male
2390361,Eva,Female
1242460,Eva Khatchadourian ,Female
289879,Evan Treborn,Male
42192,Eve Harrington,Female
6644200,Evelyn Abbott ,Female
101921,Evelyn Couch,Female
5173200,Evelyn Greenslade ,Female
944835,Evelyn Salt,Female
112857,"Ezikeal ""Easy"" Rawlins",Male
1954470,Faizal Khan,Male
54997,Fast Eddie Felson,Male
5814060,Father Burke ,Male
2234003,Father James ,Male
4669788,Felicity Jones ,Female
104036,Fergus,Male
445939,Fergus Coffey ,Male
91042,Ferris Bueller,Male
119223,Finnegan Bell,Male
80745,Flash Gordon,Male
119528,Fletcher Reede,Male
844471,Flint Lockwood,Male
371246,Flor Moreno ,Female
24368,Florence Dempster,Female
98987,Ford Fairlane ,Male
109830,Forrest Gump,Male
2837574,Forrest Tucker,Male
7083566,Fox Mulder ,Male
120902,Fox Mulder,Male
83967,Frances Farmer ,Female
2347569,Frances Halladay,Female
112579,Francesca Johnson,Female
838221,Francis Whitman,Male
163988,Frank,Male
1700841,Frank,Male
1243957,Frank,Male
83190,Frank,Male
1302006,"Frank ""The Irishman"" Sheeran",Male
116365,Frank Bannister,Male
330793,Frank Castle,Male
96061,Frank Cross ,Male
118900,Frank Divinci ,Male
110622,Frank Drebin,Male
102510,Frank Drebin,Male
103855,Frank Farmer ,Male
247425,Frank Fowler,Male
84855,Frank Galvin,Male
765429,Frank Lucas ,Male
881320,Frank McGuire ,Male
1245526,Frank Moses,Male
226771,Frank Pembleton ,Male
175880,Frank T.J. Mackey ,Male
8019694,Frankie ,Female
145531,Frankie Paige ,Unknown
423510,Franklin D. Roosevelt ,Male
73113,Franz Ritter,Male
40897,Fred C. Dobbs ,Male
109813,Fred Flintstone ,Male
116922,Fred Madison,Male
1560747,Freddie Quell,Male
118887,Freddy Heflin,Male
17136,Freder Fredersen,Male
167260,Frodo Baggins,Male
77869,Frodo Baggins ,Male
106582,"Gabriel ""Gabe"" Walker",Male
5294550,Gail Getty,Female
203119,Gal,Male
3710404,Galen ,Male
82288,Galen Bradwarden ,Male
491175,Gardner Lodge ,Male
810988,Gary,Male
2802144,"Gary ""Eggsy"" Unwin",Male
7074886,Gary Hart ,Male
787470,Gary Houseman ,Male
372588,Gary Johnston,Male
1213663,Gary King,Male
23622,Gaston Monescu,Male
113972,Gene Watson,Male
37820,General Nikolas Pherides,Male
31762,Geoff Carter,Male
101510,George ,Male
38650,George Bailey,Male
75223,George Caldwell ,Male
84675,George Dunlap ,Male
1315981,George Falconer,Male
192175,George Jetson,Male
264796,George Monroe ,Male
73692,George Roundy ,Male
66206,George S. Patton,Male
1340800,George Smiley,Male
1655442,George Valentin,Male
1602620,Georges,Male
1423995,"Gerald ""Stone"" Creeson",Male
2349144,Gerry ,Male
1001508,Gigi Haim,Female
1605783,Gil Pender,Male
486051,Girl ,Female
113862,Glenn Holland,Male
335245,Goldthwaite Higginson Dorr ,Male
101272,Gomez Addams,Male
699285,"Gordon ""Gordy"" Brewer ",Male
1067774,Grace Bennett ,Female
230600,Grace Stewart,Female
185014,Grady Tripp,Male
286106,Graham Hess,Male
60397,Grant,Male
2582496,Greg,Male
97179,Greg Evigan ,Male
1196141,Greg Heffley ,Male
3521126,Greg Sestero,Male
6499752,Grey Trace,Male
335119,Griet,Female
105151,Griffin Mill,Male
875034,Guido Contini,Male
118799,Guido Orefice,Male
1010382,Gunnar ,Male
44079,Guy Haines,Male
86617,Guy Hamilton,Male
360556,Guy Montag ,Male
2170299,Guy Trilby ,Male
191754,Gwen Cummings,Female
93822,H.I. McDunnough ,Male
1133985,Hal Jordan,Male
430634,Haley Graham,Unknown
8364368,Haley Keller ,Female
120783,Hallie Parker and Annie James,Female
73349,Hammond Maxwell ,Male
165929,Han Sing,Male
478134,Hank Deerfield,Male
285742,Hank Grotowski,Male
120324,Hank Mitchell ,Male
993842,Hanna,Female
91167,Hannah,Female
2114461,Hannah Rinaldi ,Female
429493,Hannibal Smith,Male
67185,Harold Chasen,Male
420223,Harold Crick,Male
366551,Harold Lee and Kumar Patel,Male
4648786,Harriet Tubman ,Female
100791,Harry ,Male
104804,Harry Bliss ,Male
98635,Harry Burns,Male
82509,Harry Canyon,Male
113690,Harry D'Amour,Male
329028,Harry Dunne ,Male
240510,Harry Faversham ,Male
5353,Harry Feversham,Male
180093,Harry Goldfarb,Male
295297,Harry Potter,Male
926084,Harry Potter,Male
330373,Harry Potter,Male
417741,Harry Potter,Male
373889,Harry Potter,Male
304141,Harry Potter,Male
241527,Harry Potter,Male
337741,Harry Sanborn,Male
120591,Harry Stamper ,Male
103759,Harvey Keitel ,Male
1013753,Harvey Milk,Male
305206,Harvey Pekar ,Male
73440,Haven Hamilton,Male
66026,Hawkeye Pierce,Male
424136,Hayley Stark,Female
103976,Hazari Pal ,Male
2582846,Hazel Grace Lancaster,Female
210688,Heath ,Male
185937,Heather Donahue,Female
1572315,Heather Miller,Female
106379,Hector ,Male
120102,Heinrich Harrer,Male
914863,Helen Brody ,Female
112722,Helen Hudson,Female
56241,Helen Keller,Female
103919,Helen Lyle,Female
246748,Helen Parker ,Female
411477,Hellboy ,Male
167190,Hellboy,Male
68451,Helmut Doork,Male
1294970,Henry Altmann,Male
452694,Henry DeTamble,Male
99685,Henry Hill,Male
83908,Hercule Poirot ,Male
114345,Hester Prynne,Female
892769,Hiccup,Male
1646971,Hiccup Horrendous Haddock III ,Male
89881,Hidetora Ichimonji,Male
1129445,Hilary Swank ,Female
32599,Hildy Johnson,Female
129167,Hogarth Hughes,Male
118842,Holden McNeil,Male
3799694,Holland March,Male
54698,Holly Golightly,Female
41959,Holly Martins,Male
124315,Homer Wells,Male
92106,Hot Rod ,Male
74958,Howard Beale,Male
338751,Howard Hughes,Male
1135985,Ian,Male
162661,Ichabod Crane,Male
1976009,Igor Strausman,Male
364045,Illeana Scott,Female
367882,Indiana Jones,Male
97576,Indiana Jones,Male
87469,Indiana Jones,Male
82971,Indiana Jones,Male
5962210,Ingrid Thorburn ,Female
159365,Inman,Male
18097,Inspector Burke,Male
34587,Irena Dubrovna,Female
457939,"Iris Simpkins, Amanda Woods",Female
1800241,Irving Rosenfeld,Male
7985692,Isabel Andersen ,Female
49513,Ishmael,Male
120834,Ishmael Chambers,Male
2692904,Ivan Locke ,Male
1616195,J. Edgar Hoover,Male
46359,J.J. Sefton ,Unknown
93058,J.T. 'Joker' Davis,Male
2991516,Jack ,Male
1278379,Jack ,Male
89469,Jack,Male
3170832,Jack,Male
1440728,Jack,Male
311113,Jack Aubrey,Male
97322,Jack Baker,Male
84809,Jack Brown ,Male
90728,Jack Burton,Male
67128,Jack Carter,Male
83511,Jack Cates,Male
114582,Jack Cody ,Male
8544498,Jack Cunningham,Male
120780,Jack Foley ,Male
1446192,Jack Frost,Male
1483013,Jack Harper,Male
118528,Jack Lemmon ,Male
101889,Jack Lucas,Male
450232,Jack Mosley ,Male
115710,Jack Nicholson ,Male
478304,Jack O'Brien,Male
99810,Jack Ryan,Male
411008,Jack Shephard,Male
107688,Jack Skellington,Male
449088,Jack Sparrow,Male
325980,Jack Sparrow,Male
366627,Jack Starks ,Male
81505,Jack Torrance,Male
111257,Jack Traven,Male
139414,Jack Wells ,Male
119396,Jackie Brown,Female
1967614,Jackie Burke,Male
120686,Jackie Harrison ,Unknown
839980,Jackie Moon ,Male
453562,Jackie Robinson,Male
42609,Jackie Robinson ,Male
1190080,Jackson Curtis,Male
1027718,"Jacob ""Jake"" Moore ",Male
1067583,Jacob Jankowski,Male
115645,Jacob Ryan ,Male
99871,Jacob Singer,Male
1619029,Jacqueline Kennedy,Female
95250,Jacques Mayol ,Male
4919484,Jake ,Male
191391,Jake ,Male
71315,Jake Gittes,Male
69049,Jake Hannaford ,Male
86370,Jake Hooker ,Male
139654,Jake Hoyt,Male
81398,Jake LaMotta,Male
409847,Jake Lonergan,Male
817228,Jake Sawyer ,Male
86984,Jake Scully,Male
499549,Jake Sully ,Male
97815,Jake Taylor,Male
18037,Jakie Rabinowitz,Male
430357,"James ""Sonny"" Crockett",Male
3682448,James B. Donovan,Male
115964,James Ballard,Male
381061,James Bond,Male
57076,James Bond,Male
113189,James Bond,Male
58150,James Bond,Male
143145,James Bond,Male
120347,James Bond,Male
62512,James Bond,Male
2473602,James Brown,Male
114746,James Cole,Male
119654,James Edwards (Agent J),Male
120815,James Francis Ryan,Male
92965,James Graham,Male
1979320,James Hunt,Male
458525,James Logan,Male
198781,James P. Sullivan (Sulley),Male
86122,James Penfield,Male
2184339,James Sandin ,Male
84726,James T. Kirk,Male
79945,James T. Kirk,Male
98382,James T. Kirk,Male
796366,James T. Kirk,Male
120891,James West,Male
120684,James Whale,Male
455760,Jamie Ashen,Unknown
4385888,Jamie Fields,Male
95271,Jamie Lloyd,Female
2396589,Jamie McAllan ,Male
305793,Jamie Sinsz ,Unknown
1230414,Jane Adler ,Female
92699,Jane Craig,Female
1229822,Jane Eyre,Female
363282,Jane Ryan,Female
7008872,Jared Eamons ,Male
1564585,Jarrod ,Male
258463,Jason Bourne,Male
372183,Jason Bourne,Male
440963,Jason Bourne ,Male
177789,Jason Nesmith,Male
83972,Jason Voorhees,Male
211443,Jason Voorhees,Male
1245492,Jay Baruchel,Male
3235888,Jay Height,Unknown
261392,Jay and Silent Bob,Male
1707386,Jean Valjean,Male
401383,Jean-Dominique Bauby,Male
111280,Jean-Luc Picard,Male
120844,Jean-Luc Picard,Male
253754,Jean-Luc Picard,Male
92455,Jean-Luc Picard ,Male
115632,Jean-Michel Basquiat ,Male
151137,Jeanne d'Arc,Female
105128,Jeff Matthews,Male
96152,Jeff Mills,Male
83929,Jeff Spicoli,Male
340163,Jeff Talley ,Male
118771,Jeff Taylor ,Male
140352,Jeff Wigand,Male
118715,"Jeffrey ""The Dude"" Lebowski",Male
343861,Jeffrey Archer ,Male
90756,Jeffrey Beaumont,Male
2291540,Jeffrey Dahmer ,Male
1242432,Jennifer Hills,Female
880578,Jennifer Marsh,Female
1174732,Jenny Mellor,Female
165710,"Jeremiah ""Jam"" Bruce ",Male
146675,Jericho Cane ,Male
251736,Jerry,Unknown
118883,Jerry Fletcher,Male
116695,Jerry Maguire,Male
1059786,Jerry Shaw ,Male
112471,Jesse,Male
5016504,Jesse Custer ,Male
244000,Jesse James ,Male
2209418,Jesse Wallace,Male
381681,Jesse Wallace,Male
95497,Jesus Christ ,Male
335345,Jesus of Nazareth,Male
80130,Jill Johnson,Female
289043,Jim,Male
2039393,Jim Bennett,Male
40613,Jim Blandings ,Male
125664,Jim Carrey ,Male
102138,Jim Garrison,Male
91209,Jim Halsey,Male
183523,Jim McConnell ,Male
265662,Jim Morris,Male
101761,Jim Morrison,Male
1355644,Jim Preston,Male
257076,Jim Street,Male
4353250,Jimmie Fails ,Male
417907,Jimmy ,Unknown
67116,"Jimmy ""Popeye"" Doyle",Male
327056,Jimmy Markum,Male
425151,Jimmy Wright,Male
3281548,Jo March,Female
3750872,Joan Castleman,Female
88011,Joan Wilder,Female
104409,"Joanne ""Joey"" Summerskill ",Female
2257436,Jody Barton ,Unknown
175526,Jody Markam,Unknown
5742374,Joe ,Male
53291,Joe (Josephine),Female
99892,Joe Banks ,Male
387808,Joe Bauers,Male
119643,Joe Black,Male
64665,Joe Buck,Male
71970,Joe Frady,Male
164085,Joe Gastineau ,Male
78754,Joe Gideon,Male
43014,Joe Gillis,Male
102266,Joe Hallenbeck,Male
107889,Joe Kane ,Male
252503,Joe Moore ,Male
119008,Joe Pistone,Male
1276104,Joe Simmons,Male
2179116,Joe Toy ,Male
73802,Joe Turner,Male
120751,Joe Young,Male
338013,Joel Barish,Male
204626,Joel Campbell,Male
1225822,Joel Reynolds ,Male
2584384,"Johannes ""Jojo"" Betzler",Male
110400,John ,Male
52357,"John ""Scottie"" Ferguson",Male
1034032,John 'Kable' Tillman,Male
181689,John Anderton,Male
69995,John Baxter ,Male
396269,John Beckwith,Male
88847,John Bender,Male
104549,John Berlin,Male
90329,John Book,Male
1458175,John Brennan,Male
188453,John Buckingham ,Male
2334879,John Cale,Male
401729,John Carter,Male
117880,John Connor,Male
103064,John Connor ,Male
181852,John Connor,Male
438488,John Connor,Male
360486,John Constantine,Male
328107,John Creasy,Male
105104,John Cutter,Male
338963,John Garth ,Male
448157,John Hancock ,Male
48424,John Harper,Male
40835,John Haven ,Male
3714720,John Hollar ,Male
31602,John Horace Mason ,Male
47849,John J. Macreedy,Male
97165,John Keating,Male
810784,John Keats,Male
265349,John Klein ,Male
67309,John Klute,Male
479942,John MacDonald ,Male
88944,John Matrix ,Male
5592248,John McBurney ,Male
67411,John McCabe,Male
112864,John McClane,Male
95016,John McClane,Male
337978,John McClane,Male
1502404,John Milton ,Male
268978,John Nash,Male
238380,John Preston,Male
251160,John Quincy Archibald ,Male
83944,John Rambo,Male
89880,John Rambo,Male
48728,John Robie ,Male
1464540,John Smith,Male
402399,John Smith,Male
106697,John Spartan,Male
3741632,John Spencer ,Male
118661,John Steed,Male
186151,John Sullivan,Male
113409,John Trent ,Male
2911666,John Wick,Male
356910,John and Jane Smith,Other
259324,Johnny Blaze,Male
128886,Johnny Domino ,Male
70735,Johnny Hooker,Male
113481,Johnny Mnemonic,Male
102685,Johnny Utah,Male
2254364,Jolie Jolson ,Male
124198,Jon Favreau ,Male
298388,Jonah ,Male
4779682,Jonas Taylor ,Male
85346,Jonathan,Male
212277,"Jonathan ""Jack"" Frost ",Male
103874,Jonathan Harker,Male
842926,Joni Mitchell,Female
185183,Jonnie Goodboy Tyler ,Male
49261,"Jordan ""Bick"" Benedict, Jr.",Male
993846,Jordan Belfort ,Male
119173,Jordan O'Neil ,Female
1650062,"Joseph ""Joe"" Lamb ",Male
113492,Joseph Dredd,Male
120202,Joseph Turner White ,Male
471042,Josh Kovaks,Male
2226417,Josh Lambert ,Male
1791682,Josh Srebnick ,Male
108065,Josh Waitzkin,Male
1313092,"Joshua ""J"" Cody",Male
151738,Josie Gellar,Female
2446980,Joy Mangano,Female
2948356,Judy Hopps,Female
1441109,Jules Cobb ,Female
817177,Juli Baker,Female
283632,Julia Lund ,Female
1602613,Julian,Male
1837703,Julian Assange,Male
119738,Julianne Potter ,Female
2531344,Julie Decker,Female
464154,Julie Forester,Female
119345,Julie James,Female
130018,Julie James,Female
95716,Julie Johnson ,Female
4326444,Julieta,Female
1068649,Juliette Fontaine,Female
467406,Juno MacGuff,Female
107840,Justice,Female
4158096,Justine ,Female
114084,Kadeem Hardison ,Male
1335975,Kai,Unknown
486822,Kale Brecht,Male
88206,Kara Zor-El,Female
391198,Karen Davis,Female
82533,Karen White,Female
117666,Karl Childers,Male
372532,Kat Ellis ,Female
147800,Kat Stratford,Female
878835,Kate,Female
242998,Kate Davies ,Female
115452,Kate Finley ,Female
2063781,Kate Hannah ,Female
3397884,Kate Macer,Female
104040,Kate Moseley,Female
455967,Kate Spencer,Female
6294822,Katharine Graham ,Female
4846340,Katherine Gobels Johnson,Female
128853,Kathleen Kelly,Female
896872,Kathryn Bolkovac,Female
1334260,Kathy ,Female
469188,Katie Weiderman ,Female
1392170,Katniss Everdeen,Female
7014006,Kayla Day,Female
94006,Keith,Male
1392214,Keller Dover,Male
6791238,Kellie ,Female
357470,Kelly Ernswiler ,Male
847214,Kengo ,Male
146309,Kenneth O'Donnell ,Male
1800302,Kenny Wells ,Male
82474,Kermit the Frog,Male
81633,Kevin,Male
118971,Kevin Lomax,Male
104431,Kevin McCallister,Male
99785,Kevin McCallister,Male
36104,Kiki Walker ,Female
81383,Kim Hammond ,Female
309593,Kimberly Corman,Female
71853,King Arthur,Male
1504320,King George VI,Male
63227,King Henry II,Male
416449,King Leonidas,Male
815236,Kirk,Male
95294,Kirsty Cotton,Female
93177,Kirsty Lawrence,Female
69762,Kit Carruthers,Male
90655,Kit Graham ,Female
1815862,Kitai Raige,Male
43456,Klaatu ,Male
2084989,Kris ,Unknown
482606,Kristen McKay ,Female
12734734,Kristen Parker ,Female
117480,Kristin ,Female
4302938,Kubo,Male
5462602,Kumail Nanjiani,Male
5311542,Kurt Barnert,Male
88247,Kyle Reese,Male
7030432,Kylie Watson,Female
1084950,Kym Buchman ,Female
47396,"L.B. ""Jeff"" Jefferies",Male
1262990,Lamb Mannerhelm ,Female
3640682,Laney Brooks ,Female
1365519,Lara Croft,Female
6018306,"Larry ""Doc"" Shepherd ",Male
1791528,"Larry ""Doc"" Sportello",Male
100201,Larry Burrows,Male
1583420,Larry Crowne,Male
1078912,Larry Daley,Male
477347,Larry Daley,Male
805564,Lars Lindstrom,Male
105665,Laura Palmer,Female
120694,Laurie Strode,Female
82495,Laurie Strode,Female
220506,Laurie Strode,Female
1502407,Laurie Strode ,Female
4686844,Lavrentiy Pavlovich Beria,Male
780653,Lawrence Talbot,Male
4034228,Lee Chandler,Male
4595882,Lee Israel,Female
110950,Lelaina Pierce ,Female
762125,Lem,Unknown
2798920,Lena ,Female
114558,Lenny Nero,Male
120647,Leo Biederman,Male
133152,Leo Davidson,Male
805570,Leon Kaufman ,Male
453556,Leonardo,Male
35423,Leopold ,Male
95519,Les Anderson,Male
238546,Lestat de Lioncourt ,Male
169547,Lester Burnham,Male
416658,Letty Mayer ,Female
115956,Lieutenant Colonel Nathaniel Serling ,Male
104257,Lieutenant Daniel Kaffee,Male
6924650,Lieutenant Dick Best ,Male
99348,Lieutenant John Dunbar,Male
1241317,Light Turner,Unknown
1216475,Lightning McQueen,Male
810819,Lili Elbe ,Female
76245,Lillian Hellman ,Female
6205872,Lily Colson ,Female
399201,Lincoln Six Echo,Male
352696,Linda Fleming ,Female
385887,Lionel Essrog,Male
466893,Lisa Cohen,Female
1341188,Lisa Jorgenson ,Female
421239,Lisa Reisert,Female
2481498,Liz Kendall ,Female
496424,Liz Lemon,Female
2042568,Llewyn Davis,Male
109686,Lloyd Christmas,Male
98258,Lloyd Dobler,Male
3315342,Logan,Male
120903,Logan (Wolverine),Male
74812,Logan 5,Male
94012,Lone Starr,Male
80180,Lord Chelmsford ,Male
93565,Loretta Castorini,Female
80549,Loretta Lynn,Female
2406566,Lorraine Broughton,Female
2802850,Lou Solverson ,Male
837563,Louis Creed,Male
1809398,Louis Zamperini,Male
110148,Louis de Pointe du Lac,Male
2543164,Louise Banks,Female
361748,Lt. Aldo Raine,Male
1663655,Lucie Jurin ,Female
368447,Lucius Hunt,Male
2872732,Lucy,Female
4682804,Lucy Cola,Female
114924,Lucy Eleanor Moderatz ,Female
89424,Luis Molina,Male
1817273,Luke Glanton,Male
61512,Luke Jackson,Male
76759,Luke Skywalker,Male
80684,Luke Skywalker,Male
118548,Luther Whitney,Male
362636,Lynn Blodgett ,Female
2278388,M. Gustave,Male
86423,Mac Sledge,Male
1470023,MacGruber,Male
10095582,Macbeth ,Male
985694,Machete Cortez,Male
495031,Maciej Stuhr ,Male
94606,Macon Leary ,Male
101917,Maggie Burroughs ,Female
163187,Maggie Carpenter,Female
405159,Maggie Fitzgerald,Female
3471098,Maggie Hardin ,Female
5074352,Mahavir Singh Phogat,Male
120188,Major Archie Gates ,Male
76637,Major Charles Rane ,Male
1631867,Major William Cage,Male
167404,Malcolm Crowe,Male
379786,Malcolm Reynolds,Male
309698,Malcolm Rivers,Male
104797,Malcolm X,Male
2737304,Malorie Hayes ,Female
458522,Marc Anthony ,Male
2132285,Marc Hall ,Male
430308,Marcus Greer ,Male
1091191,Marcus Luttrell,Male
43949,Marcus Vinicius,Male
93593,Marek ,Male
1477855,"Margaret ""Daisy"" Suckley",Female
1126590,Margaret Keane,Female
1041829,Margaret Tate,Female
1007029,Margaret Thatcher,Female
757361,Margot ,Female
844708,Mari Collingwood ,Female
59742,Maria,Female
2404425,Maria Altmann,Female
177023,Marian ,Female
829459,Mariane Pearl,Female
448179,Marie Clifton ,Female
5639354,Marina ,Female
108255,Mario Mario and Luigi Mario,Male
54215,Marion Crane,Female
1058017,Mark Bellison,Male
294870,Mark Cohen,Male
5175450,Mark Felt,Male
54167,Mark Lewis,Male
3328956,Mark Logue ,Male
1866249,Mark O'Brien,Male
117951,Mark Renton,Male
109446,Mark Sway,Male
3659388,Mark Watney,Male
1285016,Mark Zuckerberg,Male
5610554,Marlo,Female
4501454,Marnie Minervini ,Female
180073,Marquis de Sade ,Male
1441326,Martha ,Female
2091935,Martha McKay ,Female
106452,Marti Malone ,Unknown
119229,Martin Blank,Male
77766,Martin Brody,Male
73195,Martin Brody,Male
122151,Martin Riggs,Male
93409,Martin Riggs,Male
1657517,Martin Simmonds ,Male
1931533,Marty,Unknown
96874,Marty McFly,Male
88763,Marty McFly,Male
48356,Marty Piletti,Male
23686,Mary Evans ,Female
36341,Mary Gibson,Female
881891,Mary Horowitz ,Female
3859076,Mary Mapes ,Female
5028340,Mary Poppins,Female
417952,Mary Rose ,Female
2328900,Mary Stuart,Female
968264,Mary Surratt ,Female
390221,María Álvarez ,Female
1065073,Mason,Male
99739,Mason Storm,Male
492044,Matt Campbell ,Male
265086,Matt Eversmann ,Male
110097,Matt Hobbs ,Male
1033575,Matt King,Male
287978,Matt Murdock,Male
1599348,Matt Weston,Male
2387411,Matthew Bancroft ,Male
265208,Matthew Kidman,Male
94631,Matthew Sykes ,Male
3721954,Maud Dowley,Female
288477,Maureen Epps ,Female
1625346,Mavis Gary,Female
307879,Max ,Male
2709768,Max,Male
386117,Max,Male
63462,Max Bialystock,Male
1535108,Max Da Costa,Male
2704998,Max Davis ,Male
107120,Max Dennison,Male
369339,Max Durocher,Male
128445,Max Fischer,Male
113198,Max Goof ,Male
235326,Max Guevara ,Female
243907,Max Hopper ,Unknown
467197,Max Payne ,Male
82694,Max Rockatansky,Male
401445,Max Skinner,Male
138704,Maximillian Cohen,Male
172495,Maximus Decimus Meridius,Male
2126357,Maya Vargas ,Female
258000,Meg Altman,Female
1587669,Megan Hunt ,Female
56869,Melanie Daniels,Female
2234521,Melvin ,Male
81150,Melvin E. Dummar,Male
119822,Melvin Udall,Male
3783958,Mia Dolan,Female
1038686,Michael ,Male
77416,Michael,Male
976051,Michael Berg,Male
1596363,Michael Burry,Male
465538,Michael Clayton,Male
99674,Michael Corleone ,Male
71562,Michael Corleone,Male
68646,Michael Corleone,Male
84805,Michael Dorsey,Male
1217613,Michael Nantz,Male
389860,Michael Newman,Male
878804,Michael Oher,Male
1895587,Michael Rezendes ,Male
66302,Michael Rimmer ,Male
2401878,Michael Stone,Male
1179933,Michelle,Female
2702724,Michelle Darnell,Female
359715,Mickey Burnett ,Male
1189340,Mickey Haller ,Male
964517,Micky Ward,Male
2380307,Miguel Rivera,Male
3967856,Mija,Female
1568346,Mikael Blomkvist,Male
2302755,Mike Banning,Male
112572,Mike Brady,Male
85750,Mike Brody,Male
450385,Mike Enslin,Male
1606392,Mike Flaherty,Male
100403,Mike Harrigan,Male
3316948,Mike Howell,Male
1502397,Mike Lowrey ,Male
1028528,Mike McKay,Male
974661,Mike O'Donnell,Male
117802,Mike Peters ,Male
257044,Mike Sullivan,Male
95444,Mike Tobacco,Male
857295,Mike Warren ,Male
102494,Mike Waters,Male
1453405,Mike Wazowski,Male
89218,Mikey Walsh,Male
5027774,Mildred Hayes,Female
138524,Miles Massey,Male
6628394,Miles Miller,Unknown
4633694,Miles Morales,Male
218817,Milo Hoffman ,Male
857265,Milo Tindle,Male
425253,"Minerva ""Mini"" Drogues ",Female
3172532,Minnie Goetze ,Female
108327,Miranda Presley ,Female
2948790,Miranda Wells,Female
3722070,Miss Mary Shepherd,Female
2304953,Mitch Brockden ,Male
1598778,Mitch Emhoff,Male
89886,Mitch Taylor,Male
120255,Mitchell Stephens,Male
32029,Moe Howard ,Male
83987,Mohandas K. Gandhi,Male
4209788,Molly Bloom,Female
1489887,Molly Davidson ,Female
83642,Mona Stangley ,Female
199725,Monica Wright ,Female
307901,Montgomery Brogan,Male
5649144,Moonee,Female
317640,Mordechai Jefferson Carver,Male
7043012,Morf Vandewalt ,Male
1232829,Morton Schmidt,Male
99740,Moses Baxter,Male
70510,Moses Pray,Male
118689,Mr. Bean,Male
432283,Mr. Fox,Male
132347,Mr. Furious,Male
19777,Mr. Hammer ,Male
6493238,Mr. White ,Male
38991,Mr. Wilson,Male
248667,Muhammad Ali,Male
1832382,Nader,Male
1878870,Nadine Franklin,Female
93629,Nancy Thompson,Female
87800,Nancy Thompson,Female
3958780,Naomi Bishop ,Female
68990,Napoleon,Male
1638355,Napoleon Solo,Male
4196450,Nat Turner,Male
160127,"Natalie, Dylan, Alex",Unknown
146336,Natalie Simon,Female
325710,Nathan Algren,Male
9072146,Nathan Brown ,Male
104691,"Nathaniel ""Hawkeye"" Poe ",Male
426459,Navi Rawat ,Female
79367,Navin Johnson ,Male
1017495,Ned ,Male
82089,Ned Racine,Male
106873,Ned Ravine,Male
113277,Neil McCauley,Male
525549,Neil Morris ,Male
38343,Nell Bowen ,Female
1057500,Nelson Mandela,Male
230838,Nelson Moss ,Male
485947,Nemo Nobody,Male
234215,Neo,Male
242653,Neo,Male
133093,Neo,Male
425112,Nicholas Angel,Male
119174,Nicholas Van Orton,Male
106447,Nick ,Male
1259528,"Nick ""Big Nick"" O'Brien ",Male
1343092,Nick Carraway,Male
432291,Nick Castle,Male
96933,Nick Conklin ,Male
103772,Nick Curran,Male
1622547,Nick Davis ,Unknown
2267998,Nick Dunne,Male
1499658,"Nick Hendricks, Dale Arbus, Kurt Buckman",Male
804461,Nick Hume ,Male
427944,Nick Naylor,Male
422774,Nick Persons ,Unknown
113677,Nick Reve ,Male
2170439,"Nick, Dale, Kurt",Male
50105,Nickie Ferrante,Male
185431,Nicky ,Male
425055,Nicky Rogan ,Unknown
2381941,Nicky Spurgeon,Male
94602,"Nicolo ""Nico"" Toscani ",Male
120685,Niko Tatopoulos,Male
765443,Nikolai Luzhin,Male
113131,Nina ,Female
947798,Nina Sayers,Female
31725,Ninotchka,Female
1959490,Noah,Male
362478,Norma Lewis ,Female
79638,Norma Rae Wilson,Female
1623288,Norman Babcock,Male
4191702,Norman Oppenheimer,Male
82846,Norman Thayer,Male
110074,Norville Barnes ,Male
6484982,"Nutan ""Newton"" Kumar ",Male
9484998,Nyles,Male
457430,Ofelia,Female
364569,Oh Dae-Su,Male
449059,Olive Hoover,Female
1282140,Olive Penderghast,Female
1532503,Oliver Fields,Male
1440292,Oliver Tate ,Male
1341167,Omar,Male
1032755,One-Two ,Male
120801,Orson Welles,Male
887883,Osbourne Cox,Male
2334649,Oscar Grant III,Male
120773,Oscar Madison ,Male
108052,Oskar Schindler,Male
114057,Othello ,Male
8151874,Otis Lort,Male
1228987,Owen,Male
369610,Owen Grady ,Male
40202,P.J. McNeal,Unknown
2140373,P.L. Travers,Female
1485796,P.T. Barnum ,Male
539417,Paige,Unknown
1496729,Pasupathy ,Male
4062536,Pat ,Male
1045658,Pat Solitano Jr.,Male
327554,Patience Philips,Female
382561,"Patricia ""Peaches"" Whittaker ",Female
144084,Patrick Bateman,Male
452623,Patrick Kenzie,Male
472181,Patrick Winslow ,Male
1092026,Paul,Male
87182,Paul Atreides,Male
402850,Paul Barnell,Male
52561,Paul Biegler,Male
144214,Paul Brenner,Male
1462758,Paul Conroy,Male
120689,Paul Edgecomb,Male
239860,Paul Pentcho,Male
1196956,Paul Potts,Male
315733,Paul Rivers ,Male
1389072,Paul Safranek ,Male
289848,Paul Vitti,Male
76095,Paula McFadden ,Female
110005,Pauline Parker ,Female
105159,Peekay,Male
91738,Peggy Sue Bodell,Female
1028576,Penny Chenery ,Female
1212428,Percival Fawcett,Male
814255,Percy Jackson,Male
800320,Perseus,Male
286162,Pete,Male
1758830,Pete,Male
257298,Peter Appleton ,Male
800039,Peter Bretter,Male
160484,Peter Kelson,Male
1155056,Peter Klaven,Male
94137,Peter Mitchell ,Male
102057,Peter Pan,Male
316654,Peter Parker,Male
145487,Peter Parker,Male
759572,Peter Petrelli,Male
363771,Peter Pevensie,Male
3896198,Peter Quill,Male
1615147,Peter Sullivan ,Male
5711148,Peter Turner,Male
210742,Phil Buckley ,Unknown
107048,Phil Connors,Male
1279935,Phil Foster ,Male
338075,Phil Kaufman ,Male
1119646,Phil Wenneck ,Male
38355,Philip Marlowe ,Male
2431286,Philomena Lee,Female
454876,Pi Patel,Male
215545,Pierre Delacroix ,Male
65214,Pike Bishop,Male
441773,Po,Male
8404614,Pope Benedict XVI,Male
81353,Popeye,Male
120784,Porter,Unknown
118571,President James Marshall,Male
822847,Priest,Male
85811,Prince Colwyn,Male
473075,Prince Dastan ,Male
58648,Private Witt ,Male
120738,Professor John Robinson ,Male
272152,Prot ,Male
219822,Puff ,Male
2333804,Qohen Leth ,Male
436697,Queen Elizabeth II,Female
119280,Queen Victoria ,Female
402910,Quentin Conners,Male
120915,Qui-Gon Jinn,Male
253556,Quinn Abercromby,Male
3829266,Quinn McKenna ,Male
120824,Quoyle,Male
84787,R.J. MacReady,Male
3104988,Rachel Chu,Female
298130,Rachel Keller,Female
144814,Rachel Lang ,Female
1226753,Rachel Singer,Female
3631112,Rachel Watson,Female
1275861,Rachel and Theo Matheson ,Other
213149,Rafe McCawley,Male
1186367,Raizo ,Male
1663662,Raleigh Becket ,Male
85334,Ralphie Parker,Male
1187043,Rancho,Male
187078,"Randall ""Memphis"" Raines",Male
106677,"Randall ""Pink"" Floyd",Male
73486,Randle Patrick McMurphy,Male
1125849,"Randy ""The Ram"" Robinson",Male
120669,Raoul Duke,Male
86979,Ray ,Unknown
780536,Ray,Male
978759,Ray Eddy,Female
407304,Ray Ferrier,Male
1634106,Ray Garrison,Male
4276820,Ray Kroc ,Male
105585,Ray Levoi ,Unknown
196158,Ray Nettles,Unknown
1843323,Reagan Brinkley ,Unknown
4786282,Rebecca ,Female
72684,Redmond Barry,Male
1399683,Ree Dolly,Female
120667,Reed Richards,Male
1441951,Reggie Paget ,Male
8505542,Regina Kotarba ,Female
56923,Regina Lampert,Female
178868,Reiko Asakawa,Female
1053424,Remy ,Male
92654,Remy McSwain ,Unknown
97388,Rennie Wickham,Male
6053438,Reverend Ernst Toller,Male
69113,Reverend Frank Scott ,Male
2488496,Rey,Female
5776858,Reynolds Woodcock,Male
52587,"Richard ""Reef"" Holloway ",Male
91886,Richard Boyle,Male
81534,Richard Collier,Male
770772,Richard Cooper ,Male
3513548,Richard Jewell ,Male
449467,Richard Jones,Male
5943392,Richard Madden ,Male
113987,Richard Nixon,Male
34583,Rick Blaine,Male
83658,Rick Deckard,Male
1804272,Rick Grimes ,Male
480687,Rick Mills ,Male
209163,Rick O'Connell,Male
859163,Rick O'Connell,Male
120616,Rick O'Connell,Male
415306,Ricky Bobby ,Male
109838,Ricky Coogan ,Male
483314,Ricky Reilly ,Unknown
2562232,Riggan Thomson,Male
2096673,Riley,Female
418819,Riley Denbo ,Unknown
115759,Riley Hale,Unknown
58182,"John, Paul, George, Ringo",Male
1371155,Rita O'Grady,Female
1060277,Rob Hawkins ,Male
120888,Robbie Hart,Male
418206,Robbie Zirpollo ,Unknown
38263,"Robert ""Bob"" Collins ",Male
629253,"Robert ""Mac"" MacDougal ",Male
448134,Robert Capa ,Male
120660,Robert Clayton Dean,Male
1606375,Robert Crawley,Male
45793,Robert E. Lee Prewitt ,Male
443706,Robert Graysmith ,Male
40064,Robert Marmaduke Hightower ,Male
455944,Robert McCall,Male
1764183,Robert Miller,Male
67525,Robert Neville,Male
112401,Robert Rath ,Male
360009,Robert Scott ,Male
75005,Robert Thorn ,Male
181865,Robert Wakefield,Male
166943,Roberta Guaspari ,Female
5716464,Robin Cavendish,Male
102798,Robin Hood,Male
4532826,Robin of Loxley ,Male
37343,Rocklin,Male
479143,Rocky Balboa,Male
100507,Rocky Balboa,Male
75148,Rocky Balboa,Male
29870,Rocky Sullivan,Male
407680,Roger ,Male
114814,Roger 'Verbal' Kint,Male
758774,Roger Ferris ,Male
73705,Roger St. Luc ,Male
53125,Roger Thornhill,Male
3612008,Roland Baumgarner ,Male
74695,Rolf Steiner,Male
117509,Romeo Montague ,Male
96969,Ron Kovic ,Male
7349662,Ron Stallworth,Male
790636,Ron Woodroof,Male
431197,Ronald Fleury,Male
6108178,Ronit Krushka ,Female
139239,Ronna Martin,Female
1197628,Ronnie Barnhardt,Male
409459,Rorschach,Male
87075,Rosaleen ,Female
5628902,Rose ,Female
102753,Rose ,Female
5208216,Rose ,Female
120338,Rose DeWitt Bukater,Female
117057,Rose Morgan,Female
63522,Rosemary Woodhouse,Female
99703,Roy Dillon ,Male
117918,Roy McAvoy,Male
2935510,Roy McBride,Male
1013743,Roy Miller,Male
75860,Roy Neary,Male
325805,Roy Waller ,Male
265666,Royal Tenenbaum ,Male
1424381,Royce,Male
6241872,Ruben Brandt ,Male
184858,Rudy Duncan,Male
2404639,Rupert Everett ,Male
85794,Rupert Pupkin,Male
5057140,Russell Core ,Male
86510,Russell Price ,Male
104073,Russell Stevens ,Unknown
21214,Ruth Eton ,Female
5710514,Ruth Kimke ,Female
337921,Ryan,Male
1193138,Ryan Bingham,Male
7068580,Ryan Hansen ,Male
120901,Ryan Harrison,Unknown
3564472,Ryan Pierce,Female
47437,Sabrina Fairchild,Female
498380,Saigo ,Male
100935,Sailor Ripley ,Male
68327,Sally Bowles,Female
72271,Sally Hardesty,Female
77362,Sally Hyde,Female
254099,Sally Nash ,Female
8291806,Salvador Mallo,Male
95765,"Salvatore ""Totò"" Di Vita",Male
122690,Sam ,Unknown
93437,Sam,Unknown
5691670,Sam ,Male
112641,Sam 'Ace' Rothstein,Male
108160,Sam Baldwin,Male
1182345,Sam Bell,Male
55824,Sam Bowden,Male
2120120,Sam Brenner,Male
1586752,Sam Childers ,Male
116905,Sam Deeds,Male
371257,Sam Foster,Male
43291,Sam Leeds ,Unknown
120890,Sam Lombardo,Male
88846,Sam Lowry,Male
1748122,Sam Shakusky ,Male
33870,Sam Spade,Male
99653,Sam Wheat,Male
418279,Sam Witwicky,Male
88128,Samantha Baker,Female
116908,Samantha Caine,Female
1231277,Samantha Darko ,Female
203230,Sammy Prescott,Female
1488606,"Santiago ""Pope"" Garcia ",Male
1265990,Sara Matthews,Female
185371,Sara Wolfe ,Female
115963,Sarah Bailey,Female
1073105,Sarah Carter ,Female
435625,Sarah Carter ,Female
404203,Sarah Pierce ,Female
6513120,"Saraya ""Paige"" Bevis ",Female
3741834,Saroo Brierley,Male
3808342,Saul Ausländer,Male
397535,Sayuri,Female
2870612,Scarlett Marlowe,Female
31381,Scarlett O'Hara,Female
267913,Scooby Doo,Male
104627,Scott Filtenborg,Male
446029,Scott Pilgrim,Male
119664,Scott Roper ,Male
102526,Scottie Appleton,Male
108037,Scotty Smalls,Male
119094,Sean Archer ,Male
292644,Sean Bateman,Male
139134,Sebastian Valmont,Male
1759761,Selina Meyer ,Female
887912,Sergeant First Class William James ,Male
1540133,Sergeant Gerry Boyle ,Male
368008,Sergeant Raymond Shaw ,Male
829482,Seth,Male
91064,Seth Brundle,Male
181984,Seth Davis,Male
116367,Seth Gecko,Male
120603,Sethe,Female
91419,Seymour Krelborn,Male
3841424,Sgt. Carl Leopold Rasmussen ,Male
1433810,Shai,Unknown
395699,Shane Wolfe ,Male
225071,Sharon Pogue,Female
365748,Shaun,Male
266452,Sheldon Mopes ,Male
852713,Shelley Darlingson ,Female
988045,Sherlock Holmes,Male
66249,Sherlock Holmes,Male
99165,Sherman McCoy,Male
413267,Shrek,Male
5918074,Shutu ,Male
51036,Sidney Falco,Male
120082,Sidney Prescott,Female
134084,Sidney Prescott ,Female
1262416,Sidney Prescott,Female
455538,Sidney Young ,Male
2652118,Silent Wolf ,Unknown
373926,Silvia Broome ,Female
110357,Simba,Male
1825157,Simon,Male
805337,Simon Belin ,Male
1226774,Simon Foster ,Male
122529,Simon Grim,Male
5660414,Simon Strong ,Male
120053,Simon Templar,Male
51337,Sinbad,Male
46949,Sinuhe,Male
975645,Sir Alfred Hitchcock,Male
116136,Sir Bowen ,Male
51201,Sir Wilfrid Robarts,Male
280707,Sir William McCordle,Male
88683,Sister Agnes Devereaux ,Female
1454029,Skeeter Phelan,Female
364800,Skjervald ,Unknown
278435,Slim Hiller ,Female
116225,Snake Plissken,Male
82340,Snake Plissken,Male
1735898,Snow White,Female
970452,Solomon Kane,Male
2024544,Solomon Northup,Male
1412386,Sonny (Dev Patel),Male
67328,Sonny Crawford ,Male
79100,Sonny Steele,Male
72890,Sonny Wortzik,Male
892318,Sophie,Female
54331,Spartacus,Male
83111,Spencer ,Unknown
6212478,Spencer Reinhard,Male
4882376,Sreymoch Sareum ,Female
3385524,Stan Laurel and Oliver Hardy ,Male
158983,Stan Marsh,Male
117500,Stanley Goodspeed,Male
110475,Stanley Ipkiss,Male
244244,Stanley Jobson,Male
439815,Starla Grant ,Female
88172,Starman,Unknown
3387520,Stella Nicholls ,Female
7040874,Stephanie Smothers ,Female
2980516,Stephen Hawking,Male
1124035,Stephen Meyers,Male
2542334,Steve ,Male
120770,Steve Butabi,Male
2091473,Steve Butler,Male
118615,Steve Cale,Male
134619,Steve Clark,Male
139668,Steve Everett,Male
84516,Steve Freeling,Male
2080374,Steve Jobs,Male
362270,Steve Zissou,Male
97737,Steven Beck,Male
116629,Steven Hiller ,Male
115798,Steven Kovacs,Male
5715874,Steven Murphy ,Male
1045772,Steven Russell,Male
5613484,Stevie,Male
166276,Stu Miley,Male
183649,Stu Shepard,Male
243585,Stuart Little,Male
2975590,Batman and Superman,Male
81573,Superman,Male
94074,Superman,Male
78346,Superman,Male
86393,Superman / Clark Kent,Male
4550098,Susan Morrow,Female
119675,Susan Tyler,Female
1034415,Susie Bannion,Female
100395,Suzanne Vale ,Female
119256,Sydney,Male
112209,Sydney Bloom,Unknown
1825683,T'Challa,Male
74281,T.C. ,Male
56172,T.E. Lawrence,Male
1403177,T.J. Napier,Unknown
118055,Tally Atwater,Female
1486190,Tamara Drewe ,Female
1405500,Tangie Adrose ,Female
34266,Tarzan,Male
102178,Taylor Brooks ,Male
115610,Ted,Male
113101,Ted,Male
1482459,Ted,Male
79417,Ted Kramer,Male
83530,Ted Striker ,Male
80339,Ted Striker,Male
129387,Ted Stroehmann ,Male
113540,Telly,Male
119485,Tenzin Gyatso ,Male
1920945,Terri Hooley ,Male
111931,Terry Jones,Unknown
47296,Terry Malloy,Male
711844,Terry McCaleb ,Male
1240982,Thadeous,Male
2180411,The Baker,Male
77474,The Driver,Male
114898,The Mariner,Unknown
137523,The Narrator,Male
293508,The Phantom,Male
6723592,The Protagonist ,Male
98724,"The film ""Sex, Lies, and Videotape"" features four main characters: Ann Bishop Mullany, John Mullany, Cynthia Patrice Bishop, and Graham Dalton. Due to the film's ensemble cast and the interwoven nature of their stories, it does not have a single clear protagonist. ([criterion.com](https://www.criterion.com/current/posts/962-sex-lies-and-videotape?utm_source=openai)) ",Unknown
463854,"The protagonist of ""28 Weeks Later"" is Don Harris, portrayed by Robert Carlyle. ([en.wikipedia.org](https://en.wikipedia.org/wiki/28_Weeks_Later?utm_source=openai)) ",Male
87957,"The protagonist of ""Purple Rain"" is The Kid, portrayed by Prince. ([en.wikipedia.org](https://en.wikipedia.org/wiki/Purple_Rain_%28film%29?utm_source=openai)) ",Male
119925,"The protagonist of ""The Postman"" (1997) is an unnamed drifter who adopts the role of a postman in a post-apocalyptic America. ([en.wikipedia.org](https://en.wikipedia.org/wiki/The_Postman_%28film%29?utm_source=openai)) ",Male
54387,"The protagonist of ""The Time Machine"" is the Time Traveller. ([gradesaver.com](https://www.gradesaver.com/the-time-machine/study-guide/character-list/?utm_source=openai)) ",Male
780504,"The protagonist of the 2011 film ""Drive"" is known as ""The Driver,"" portrayed by Ryan Gosling. ([en.wikipedia.org](https://en.wikipedia.org/wiki/Drive_%282011_film%29?utm_source=openai)) ",Male
1441395,"The protagonist of the 2013 film ""Under the Skin"" is portrayed by Scarlett Johansson. ([en.wikipedia.org](https://en.wikipedia.org/wiki/Under_the_Skin_%282013_film%29?utm_source=openai)) ",Female
103074,Thelma Dickinson and Louise Sawyer,Female
206634,Theo Faron,Male
1798709,Theodore Twombly,Male
2402927,Therese Belivet,Female
1790864,Thomas,Male
443274,Thomas Barnes ,Male
114194,Thomas Dagget ,Male
104114,Thomas Jefferson Johnson ,Male
324127,Thomas Mackelway ,Male
460890,Thomas Webb ,Male
3501632,Thor,Male
800369,Thor,Male
2194499,Tim Lake,Male
1477837,Tim Lippe,Unknown
163579,Tim Mason ,Male
115639,Timothy Hutton ,Male
983193,Tintin,Male
108330,"Toby ""Jack"" Wolff ",Male
2582782,Toby Howard ,Male
1059741,Todd ,Male
118636,Todd Bowden,Male
2076822,Todd Hewitt,Male
120696,Tom,Male
119314,Tom Booker,Male
415322,Tom Brown ,Male
986263,Tom Greer,Male
1022603,Tom Hansen,Male
1490785,Tom Hiddleston ,Male
421073,Tom Ludlow,Male
118972,Tom O'Meara,Male
134119,Tom Ripley,Male
109635,Tom Sanders ,Male
112302,Tom Sawyer,Male
399146,Tom Stall,Male
822849,Tom Stark ,Male
97503,Tom Sykes ,Male
134273,Tom Welles,Male
164181,Tom Witzky,Male
5013056,Tommy ,Male
1291584,Tommy Conlon,Male
91080,Tommy Jarvis,Male
113820,Tommy Oliver,Male
7211154,"Tony ""TJ"" Caruso Jr. ",Male
6966692,"Tony ""Tony Lip"" Vallelonga",Male
1024648,Tony Mendez,Male
86250,Tony Montana,Male
1054606,Tony Shepard ,Male
4154796,Tony Stark ,Male
371746,Tony Stark,Male
5580036,Tonya Harding ,Female
3760922,Toula Portokalos-Miller,Female
2872462,Tracy Fishko ,Female
303732,Tracy Hathaway ,Female
1514045,Travis ,Male
75314,Travis Bickle,Male
87884,Travis Henderson,Male
101507,Tre Styles,Male
5308322,Tree Gelbman,Female
118531,Trevor Garfield,Male
274546,Trevor Gooden ,Male
1840309,Tris Prior,Female
147612,Trish Maplewood ,Female
2671706,Troy Maxson,Male
120382,Truman Burbank,Male
420609,Truman Capote ,Male
93260,Tuck Pendleton,Male
1220628,Tucker Max ,Male
208092,Turkish ,Male
1403981,Tyler Hawkins ,Unknown
8652728,Tyler Williams ,Male
829193,"Tyrone ""Pine Top"" Purvis ",Male
434409,V,Unknown
824758,Valentin Bulgakov,Male
100814,"Valentine ""Val"" McKee",Male
977855,Valerie Plame ,Female
5197820,Vanessa Helsing ,Female
1441953,Vera Brittain ,Female
97481,"Vernest ""Quick"" Brown ",Male
97493,Veronica Sawyer ,Female
250081,Vi ,Female
241303,Vianne Rocher,Female
497465,Vicky,Female
240507,Victor ,Male
1142977,Victor Frankenstein,Male
962736,Victoria,Female
362227,Viktor Navorski,Male
258153,Viktor Taransky ,Male
7280898,Viljar Hanssen ,Male
1174730,Vince Rizzo,Male
104952,Vincent 'Vinny' Gambini ,Male
120004,Vincent D'Agosta ,Male
119177,Vincent Freeman ,Male
2170593,Vincent MacKenna,Male
110912,Vincent Vega and Jules Winnfield,Male
1667307,Violet ,Female
1844624,Violet Harmon,Female
132512,Virgil,Male
96754,"Virgil ""Bud"" Brigman ",Male
61811,Virgil Tibbs,Male
274558,Virginia Woolf,Female
910970,WALL-E,Male
1677720,Wade Watts,Male
118564,Wade Whitehouse,Male
1431045,Wade Wilson,Male
2258858,Wadjda,Female
88930,Wadsworth,Male
889573,Wally Mars ,Male
367089,Walt Berkman,Male
327137,Walter,Male
1204342,Walter,Male
361127,Walter,Male
1321860,Walter Black,Male
359950,Walter Mitty,Male
36775,Walter Neff,Male
112594,Walter Paisley ,Male
903747,Walter White,Male
257360,Warren Schmidt,Male
97523,Wayne Szalinski,Male
3062976,Wendy ,Female
790721,Wendy ,Female
775529,Wendy Savage,Female
1122770,Wendy Watson ,Female
493464,Wesley Allan Gibson,Male
1907668,Whip Whitaker,Male
1136608,Wikus van de Merwe ,Male
5989218,Will,Male
4574334,Will Byers,Male
278504,Will Dormer ,Male
91474,Will Graham,Male
86336,Will Halloway,Male
119217,Will Hunting,Male
44706,Will Kane,Male
174480,Will Keane,Male
5758778,Will Sawyer,Male
8579674,Will Schofield,Male
310357,Willard Stiles,Male
377749,William ,Male
407362,William Adama ,Male
2663812,William Hartnell ,Male
181875,William Miller,Male
105695,William Munny,Male
82869,William O'Niel ,Male
9206798,William Shakespeare ,Male
138097,William Shakespeare,Male
125439,William Thacker,Male
112573,William Wallace,Male
146838,Willie Beamen ,Male
4335006,Willie Lump Lump ,Unknown
41113,Willie Stark,Male
307987,Willie T. Stokes,Male
96446,Willow Ufgood,Male
488120,Willy Beachum,Male
165854,Wilson ,Male
4048272,Winfried Conradi ,Male
4555426,Winston Churchill,Male
253474,Wladyslaw Szpilman,Male
290334,Wolverine,Male
112913,Wong Chi-ming ,Unknown
120363,Woody,Male
435761,Woody,Male
114709,Woody,Male
486946,Woody Stevens,Unknown
5690360,Wren ,Unknown
295701,Xander Cage ,Male
144286,Xavier Lombard ,Male
8042500,Yorick Brown ,Male
399295,Yuri Orlov ,Male
120587,Z,Male
432373,Z-Bob ,Unknown
5112578,Zach Taylor ,Male
72251,Zachary Garber ,Male
1181917,Zack Martin,Male
84434,Zack Mayo,Male
8267604,Zain,Male
4364194,Zak,Male
115571,Zane Ziminski,Male
110265,Zed,Male
1212436,Zoe ,Female
2416048,Zoey ,Female
